id,publicId,title,description,date,link,videoTypeId
520056,457050-1,President Trump Remarks on Missile Defense Review,"President Trump traveled to the Pentagon to announce the results of the administration&rsquo;s missile defense review. At the start, the president addressed the ongoing partial government shutdown and offered his condolences to the families of the four Americans killed in Syria. Acting Defense Secretary Patrick Shanahan and Vice President Mike Pence provided introductory remarks.",2019-01-17,https://www.c-span.org/video/?457050-1/president-trump-remarks-missile-defense-review,Speech
523349,458846-1,Border Security National Emergency Resolution Veto,"President Trump signed the first veto of his presidency by rejecting a resolution that would have terminated his national emergency declaration for the U.S.-Mexico border. Vice President Pence, Homeland Security Secretary Kirstjen Nielsen, Attorney General William Barr, several sheriffs from across the nation, and parents of victims killed by undocumented individuals joined the president in the Oval Office for the signing.",2019-03-15,https://www.c-span.org/video/?458846-1/border-security-national-emergency-resolution-veto,Speech
523369,458863-1,"President Trump Rally in Grand Rapids, Michigan","President Trump held his first campaign rally since Attorney General William Barr released a summary of Special Counsel Robert Mueller&rsquo;s report on Russian interference in the 2016 election. In his remarks, he covered a range of issues including the Mueller investigation, securing the border, and the economy. The president called the Mueller investigation &ldquo;the single greatest hoax in the history of politics in our country.&rdquo;",2019-03-28,https://www.c-span.org/video/?458863-1/president-trump-rally-grand-rapids-michigan,Speech
525133,459875-1,"President Trump Holds Rally in Green Bay, Wisconsin","President Trump held a campaign rally in Green Bay, Wisconsin. After offering condolences for victims of a shooting at a synagogue in California, the president talked about his administration&rsquo;s first two years and urged the crowd to vote for Republicans in the 2020 election. His press secretary, Sarah Sanders, also made a brief appearance at the rally during which she criticized media coverage of President Trump.",2019-04-27,https://www.c-span.org/video/?459875-1/president-trump-holds-rally-green-bay-wisconsin,Speech
525924,460357-1,President Trump Observes National Day of Prayer,"President Trump, Vice President Pence, and the first and second ladies hosted an event recognizing National Prayer Day in the White House&rsquo;s Rose Garden. They delivered remarks and heard prayers from a variety of faith leaders. There was also a musical performance by a church choir featuring Jonathan Cain, keyboardist for the band Journey.",2019-05-02,https://www.c-span.org/video/?460357-1/president-trump-observes-national-day-prayer,Speech
526012,460412-1,"President Trump Holds Rally in Panama City Beach, Florida","At a campaign rally in Panama City Beach, Florida, President Trump pledged $448 million disaster relief for Hurricane Michael recovery efforts, and talked about U.S. policy toward Venezuela.",2019-05-08,https://www.c-span.org/video/?460412-1/president-trump-holds-rally-panama-city-beach-florida,Speech
526565,460746-1,"President Trump Campaign Rally in Montoursville, Pennsylvania","President Trump held a campaign rally in Montoursville, Pennsylvania, where he was campaigning for Fred Keller, the Republican candidate for the state&rsquo;s 12th Congressional District. He encouraged voters to elect Mr. Keller, who spoke briefly at the rally. The president also talked about the economy, jobs, border security, and the possibility of changing his campaign slogan from &ldquo;Make America Great Again&rdquo; to &ldquo;Keep America Great.&rdquo;",2019-05-20,https://www.c-span.org/video/?460746-1/president-trump-campaign-rally-montoursville-pennsylvania,Speech
528091,461623-1,President Trump Remarks at Iowa Republican Dinner,President Trump delivered remarks at the Republican Party of Iowa annual dinner in West Des Moines.,2019-06-11,https://www.c-span.org/video/?461623-1/president-trump-remarks-iowa-republican-dinner,Speech
527518,461325-1,President Trump Announces Second Term Run,"President Trump announced he was running for a second term during a campaign rally at the Amway Center in Orlando. Vice President Pence made opening remarks, and first lady Melania Trump introduced the President. Outgoing press secretary Sarah Sanders also made brief remarks.",2019-06-18,https://www.c-span.org/video/?461325-1/president-trump-announces-term-run,Speech
529848,462643-1,"President Trump in Greenville, North Carolina","President Trump held a campaign rally in Greenville, North Carolina, that included Vice President Mike Pence. The president mentioned congressional efforts to have him impeached and criticized four female freshman minority House members he recently tweeted about: Democratic Representatives Ilhan Omar (MN), Rashida Tlaib (MI), Alexandria Ocasio-Cortez (NY), and Ayanna Pressley (MA).The president used language that some may find offensive.",2019-07-17,https://www.c-span.org/video/?462643-1/president-trump-greenville-north-carolina,Speech
530577,463078-1,"President Trump in Cincinnati, Ohio","President Trump held a campaign rally in Cincinnati, Ohio, at the U.S. Bank Arena. During his remarks, the president mentioned the previous night&rsquo;s Democratic debate and how much time the candidates spent criticizing former President Barack Obama. He also suggested that Democrats were the cause for blight and violence in America&rsquo;s inner cities.",2019-08-01,https://www.c-span.org/video/?463078-1/president-trump-cincinnati-ohio,Speech
531235,463428-1,"President Trump Rally in Manchester, New Hampshire","President Trump held a campaign rally in Manchester, New Hampshire at the SNHU Arena, He talked about such issues as the U.S.-Mexico border, the economy, China, and gun laws.",2019-08-15,https://www.c-span.org/video/?463428-1/president-trump-rally-manchester-hampshire,Speech
532162,463975-1,"President Trump in Fayetteville, North Carolina","President Trump held a rally in Fayetteville, North Carolina, one day before a special election in the state&rsquo;s 9th Congressional District.",2019-09-09,https://www.c-span.org/video/?463975-1/president-trump-fayetteville-north-carolina,Speech
533146,464555-1,Presidential Remarks on Religious Freedom,"President Trump, in New York City for the annual United Nations General Assembly, spoke about religious freedom. He announced the U.S. would pledge $25 million in aid to protect religious freedom, sites, and relics. U.S. Ambassador to the U.N. Kelly Knight Craft and Vice President Pence also spoke before the president.",2019-09-23,https://www.c-span.org/video/?464555-1/presidential-remarks-religious-freedom,Speech
533606,464799-1,President Trump Remarks at Hispanic Heritage Month Reception,"President Trump delivered remarks at a Hispanic Heritage Month reception at the White House. The president spoke about job and wage increases for Hispanic Americans, home ownership and border protection. Vice President Mike Pence also delivered brief remarks.",2019-09-27,https://www.c-span.org/video/?464799-1/president-trump-remarks-hispanic-heritage-month-reception,Speech
533667,464834-1,New Chair of Joint Chiefs of Staff General Milley Swearing-in Ceremony,"President Trump attended the swearing-in ceremony for his new Joint Chiefs of Staff xhair, General Mark Milley, at Joint Base Myer-Henderson Hall in Arlington, Virginia. Vice President Pence, outgoing Joint Chiefs of Staff General Dunford, and Defense Secretary Mark Esper also attended the ceremony.",2019-09-30,https://www.c-span.org/video/?464834-1/chair-joint-chiefs-staff-general-milley-swearing-ceremony,Speech
533651,464823-1,President Trump Campaign Rally in Minneapolis,"President Trump held a campaign rally in Minneapolis. He touted his administration&rsquo;s achievements, from border security and tax cuts, to reforming Veteran&rsquo;s Affairs and growing the economy. He also criticized the media and the Democrats, saying the latter&rsquo;s &ldquo;brazen attempt to overthrow our government will produce a backlash at the ballot box.&rdquo; He also made several mentions of former Vice President Joe Biden and his son Hunter for their involvement with Ukraine and China.",2019-10-10,https://www.c-span.org/video/?464823-1/president-trump-campaign-rally-minneapolis,Speech
534155,465124-1,"President Trump Rally in Lake Charles, Louisiana","President Trump held a campaign rally in Lake Charles, Louisiana. He touted his administration&rsquo;s achievements, which included building the U.S.-Mexico wall, economy, and the recently-announced partial trade deal with China. In his remarks he criticized the media and House Democrats, calling Speaker Nancy Pelosi (R-CA) &ldquo;Nervous Nancy.&rdquo;",2019-10-11,https://www.c-span.org/video/?465124-1/president-trump-rally-lake-charles-louisiana,Speech
534391,465272-1,"President Trump Rally in Dallas, Texas","President Trump held a campaign rally in Dallas at the American Airlines Center He touted his administration&rsquo;s achievements, including the recent announcement of a ceasefire with Turkey, in which he hopes to have a permanent deal done within five days. He also criticized the media and the Democrats, as well as expressing his disdain for House Speaker Nancy Pelosi (D-CA) and House Intelligence Chair Adam Schiff (D-CA).",2019-10-17,https://www.c-span.org/video/?465272-1/president-trump-rally-dallas-texas,Speech
534750,465506-1,President Trump Remarks on NASA Spacewalk,"President Trump spoke briefly from the White House Roosevelt Room with NASA&rsquo;s first all-female spacewalk crew, astronauts Christina Koch and Jessica Meir. After the short conversation, the president spoke briefly with the press, discussing the Ukraine investigation and the ceasefire in Turkey.",2019-10-18,https://www.c-span.org/video/?465506-1/president-trump-remarks-nasa-spacewalk,Speech
534797,465540-1,"President Trump Rally in Tupelo, Mississippi","President Trump held a campaign rally in Tupelo, Mississippi, ahead of the state&rsquo;s gubernatorial election. He offered his support for the Republican candidate, Lieutenant Governor Tate Reeves, who was running against Jim Hood, the Democratic attorney general. The president also talked about the impeachment inquiry, the economy, and some of the 2020 Democratic presidential candidates.",2019-11-01,https://www.c-span.org/video/?465540-1/president-trump-rally-tupelo-mississippi,Speech
534798,465541-1,"President Trump Rally in Lexington, Kentucky","President Trump held a campaign rally in Lexington, Kentucky. He was joined by Kentucky Governor Matt Bevin (R), a candidate for reelection, Senate Majority Leader Mitch McConnell (R-KY), and Senator Rand Paul (R-KY). Senator Paul in his remarks commented on the identity of the whistleblower whose complaint led to the impeachment inquiry of President Trump.",2019-11-04,https://www.c-span.org/video/?465541-1/president-trump-rally-lexington-kentucky,Speech
535680,466053-1,"President Trump Rally in Monroe, Louisiana","President Trump held a campaign rally in Monroe, Louisiana, a week and a half before the state&rsquo;s runoff election for governor. He offered his support for the Republican candidate, businessman Eddie Rispone (R), who was running against the incumbent, Governor John Bel Edwards (D). The president talked about the impeachment inquiry, the economy, and the U.S. southern border and immigration. He also talked about 2020 Democratic presidential candidate Senator Elizabeth Warren (D-MA), saying she is &ldquo;emerging from the ashes.&rdquo; Joining the president on stage for brief remarks were Eddie Rispone, Senators Bill Cassidy (R-LA) and John Kennedy (R-LA), Representative Ralph Abraham (R-LA), and Phil and Willie Robertson from &ldquo;Duck Dynasty.&rdquo;",2019-11-06,https://www.c-span.org/video/?466053-1/president-trump-rally-monroe-louisiana,Speech
535812,466133-1,"President Trump Remarks at ""Black Voices for Trump"" Rally","President Trump delivered remarks at a &ldquo;Black Voices for Trump&rdquo; rally in Atlanta. The president talked about his administration&rsquo;s record and touted jobs creation and low unemployment for African Americans. He also commented on the impeachment inquiry, House Intelligence Committee Chair Adam Schiff (D-CA) and House Speaker Nancy Pelosi (D-CA). Housing and Urban Development Secretary Ben Carson introduced the president.",2019-11-08,https://www.c-span.org/video/?466133-1/president-trump-remarks-black-voices-trump-rally,Speech
536163,466321-1,"President Trump Campaign Rally in Bossier City, Louisiana","President Trump held a campaign rally in Bossier City, Louisiana, two days before the state&rsquo;s gubernatorial runoff election. He offered his support for the Republican candidate, businessman Eddie Rispone (R), who was running against incumbent Governor John Bel Edwards (D). The president talked about the impeachment inquiry, calling it &ldquo;deranged.&rdquo; He also spoke about the economy, the military, and U.S. southern border wall. Joining the president on stage for brief remarks were Eddie Rispone, Louisiana Republican Senators Bill Cassidy and John Kennedy (R-LA), and U.S. Representative Ralph Abraham (R).",2019-11-14,https://www.c-span.org/video/?466321-1/president-trump-campaign-rally-bossier-city-louisiana,Speech
536512,466539-1,"President Trump Rally in Sunrise, Florida","President Trump held a campaign rally in Sunrise, Florida. It was his first rally there since changing his residency from New York to Florida in late October. He talked about the impeachment proceedings, telling his supporters that the Democrats are going after him for &ldquo;fighting for you,&rdquo; because he is &ldquo;exposing a rigged system.&rdquo; He also mentioned the economy, immigration and his recent visit to Walter Reed Medical Center.",2019-11-26,https://www.c-span.org/video/?466539-1/president-trump-rally-sunrise-florida,Speech
537670,467217-1,"President Trump Campaign Event in Hershey, Pennsylvania","President Trump and Vice President Pence urged Pennsylvania voters to put them back in the White House in 2020. The two held a campaign rally in Hershey, Pennsylvania touting the administration&rsquo;s successes. They also criticized Democrats for their impeachment inquiry.",2019-12-10,https://www.c-span.org/video/?467217-1/president-trump-campaign-event-hershey-pennsylvania,Speech
537569,467146-1,"President Trump Rally in Battle Creek, Michigan","President Trump held a rally in Battle Creek, Michigan, as part of his 2020 re-election campaign. While the president spoke to supporters, the House of Representatives voted to impeach him for abuse of power and obstruction of Congress.",2019-12-18,https://www.c-span.org/video/?467146-1/president-trump-rally-battle-creek-michigan,Speech
538786,467813-1,President Trump Remarks at Evangelical Rally,"President Trump made campaign remarks during the launch of the &ldquo;Evangelicals for Trump&rdquo; coalition from El Rey Jesus Church in Miami. The president spoke of his commitment to protecting the rights of Christians and Evangelicals in the United States. He also mentioned the killing of Iranian General Qasem Soleimani by U.S. military forces, saying the general&rsquo;s &ldquo;bloody rampage is forever gone.&rdquo;",2020-01-03,https://www.c-span.org/video/?467813-1/president-trump-remarks-evangelical-rally,Speech
538909,467869-1,"President Trump Rally in Toledo, Ohio","President Trump held a campaign rally in Toledo, Ohio. He spoke of several topics, including jobs in Ohio, the U.S.-Mexico border wall, and the U.S. military. He also talked about the killing of Iranian General Qasem Soleimani by a U.S. military drone strike, asserting that the general was plotting to bomb the U.S. Embassy in Baghdad before he was killed. Vice President Mike Pence introduced the president.",2020-01-09,https://www.c-span.org/video/?467869-1/president-trump-rally-toledo-ohio,Speech
538910,467870-1,President Trump Rally in Milwaukee,"President Trump held a campaign rally in Milwaukee, Wisconsin. Mr. Trump touted the economy, and spoke about the border wall and prison reform. He also mentioned the killing of Iranian General Qasem Soleimani, and briefly talked about impeachment, calling it a &ldquo;witch hunt.&rdquo;",2020-01-14,https://www.c-span.org/video/?467870-1/president-trump-rally-milwaukee,Speech
539432,468176-1,U.S.-China Trade Deal,"President Trump signed phase one of the U.S.-China trade agreement from the East Room of the White House. The agreement places protections on intellectual property, ensures investment into U.S. agriculture and manufacturing, and has measures in place to prohibit currency manipulation. Joining the president for the signing was Chinese Vice Premier Liu He.",2020-01-15,https://www.c-span.org/video/?468176-1/us-china-trade-deal,Speech
539970,468482-1,"""March for Life"" Rally","President Trump addressed the annual March for Life rally in Washington, D.C. He was the first U.S. president to speak in person at the event. The two-hour rally also included remarks by Vice President Pence and Karen Pence, congressional lawmakers, Focus on the Family&rsquo;s Jim Daly, and several &ldquo;pro-life&rdquo; activists.",2020-01-24,https://www.c-span.org/video/?468482-1/march-life-rally,Speech
539909,468445-1,"President Trump Rally in Wildwood, New Jersey","President Trump held a campaign rally in Wildwood, New Jersey. He was joined onstage by Representative Jeff Van Drew (R-NJ), who had recently switched to the Republican party, and White House Counselor Kellyanne Conway.",2020-01-28,https://www.c-span.org/video/?468445-1/president-trump-rally-wildwood-jersey,Speech
539919,468452-1,"President Trump Rally in Des Moines, Iowa","President Trump held a rally at Drake University in Des Moines, Iowa, just a few days before the Hawkeye state&rsquo;s 2020 presidential caucuses. He touted the newly signed U.S.-Mexico-Canada trade deal, as well as the recent deal with China, and he talked about investment in agriculture, border security, and health care. Briefly mentioning his impeachment trial, he called it a &ldquo;happy period for us&rdquo; and &ldquo;impeachment light.&rdquo;",2020-01-30,https://www.c-span.org/video/?468452-1/president-trump-rally-des-moines-iowa,Speech
540559,468828-1,President Trump at White House Summit on Human Trafficking,"President Trump delivered remarks at a White House summit on human trafficking. He was joined by Vice President Mike Pence and Bella Hounakey, a human trafficking survivor. Following his remarks, the president signed an executive order. The summit was hosted in honor of the 20th anniversary of the Trafficking Victims Protections Act (TVPA).",2020-01-31,https://www.c-span.org/video/?468828-1/president-trump-white-house-summit-human-trafficking,Speech
539990,468493-1,"President Trump Rally in Manchester, New Hampshire","President Trump held a campaign rally at Southern New Hampshire University in Manchester, one day before the Granite State&rsquo;s first-in-the-nation primary election.",2020-02-10,https://www.c-span.org/video/?468493-1/president-trump-rally-manchester-hampshire,Speech
541643,469437-1,"President Trump Campaign Event in Phoenix, Arizona","President Trump held a &ldquo;Keep America Great&rdquo; rally in Phoenix at the Arizona Veterans Memorial Coliseum. He talked about the economy, jobs, new trade deals, and the progress made with the U.S.-Mexico border wall. He also spoke about former New Yok City Mayor Mike Bloomberg&rsquo;s entry into the field of 2020 Democratic presidential candidates, referring to him as &ldquo;Mini Mike.&rdquo;",2020-02-19,https://www.c-span.org/video/?469437-1/president-trump-campaign-event-phoenix-arizona,Speech
541644,469438-1,"President Trump Campaign Rally in Colorado Springs, Colorado","President Trump held a 'Keep America Great"" rally in Colorado Springs, Colorado. He talked about the economy, border security, immigration, trade, and Space Force. While talking about the previous night&rsquo;s Democratic presidential debate, he referenced Mike Bloomberg, saying &ldquo;Mini-Mike didn&rsquo;t do well last night,&rdquo; before turning his attention to Senator Amy Klobuchar (D-MN), saying that she is done, that &ldquo;she choked.&rdquo;",2020-02-20,https://www.c-span.org/video/?469438-1/president-trump-campaign-rally-colorado-springs-colorado,Speech
541645,469439-1,President Trump Campaign Rally in Las Vegas,"President Trump held a campaign rally in Las Vegas. During the rally, he addressed reports that Russia is meddling to help his re-reelection campaign saying, &ldquo;they&rsquo;re trying to start a rumor, it&rsquo;s disinformationâ€¦Wouldn&rsquo;t he rather have, let&rsquo;s say, Bernie, who honeymooned in Moscow.&rdquo;",2020-02-21,https://www.c-span.org/video/?469439-1/president-trump-campaign-rally-las-vegas,Speech
541990,469663-1,"President Trump Campaign Event in North Charleston, South Carolina","President Trump held a campaign rally in North Charleston, South Carolina, on the eve of the Democratic primary in the Palmetto State. The president praised his administration&rsquo;s efforts to respond to the coronavirus outbreak. He also criticized the 2020 Democratic presidential candidates and made his case for re-election. &ldquo;At stake in our present battle, is the actual survival of our nation-I really believe that,&rdquo; he said. &ldquo;You see these maniacs that we&rsquo;re dealing with. They want to give away everything.&rdquo;",2020-02-28,https://www.c-span.org/video/?469663-1/president-trump-campaign-event-north-charleston-south-carolina,Speech
542308,469845-1,"President Trump Rally in Charlotte, North Carolina","President Trump spoke to a crowd of supporters at a campaign rally in Charlotte, North Carolina. He talked about the economy, the 2020 presidential race, and the federal response to the coronavirus outbreak.",2020-03-02,https://www.c-span.org/video/?469845-1/president-trump-rally-charlotte-north-carolina,Speech
545157,471422-1,President and First Lady Celebrate Earth Day and Arbor Day,"President Trump and first lady Melania Trump participated in a tree planting ceremony on the South Lawn of the White House in celebration of Earth Day and Arbor Day. The president, Vice President Mike Pence, second lady Karen Pence and House Minority Leader Kevin McCarthy (R-CA) delivered remarks before the tree planting.",2020-04-22,https://www.c-span.org/video/?471422-1/president-lady-celebrate-earth-day-arbor-day,Speech
545993,471883-1,President Trump Remarks on National Day of Prayer,President Trump and first lady Melania Trump made remarks at the National Day of Prayer Service in the Rose Garden at the White House. Vice President Mike Pence and second lady Karen Pence also spoke.,2020-05-07,https://www.c-span.org/video/?471883-1/president-trump-remarks-national-day-prayer,Speech
546630,472244-1,Restaurant Executives Meeting at the White House,"President Trump met with restaurant and industry executives at the White House to discuss the coronavirus pandemic response and reopening the economy. The industry leaders all agreed the Paycheck Protection Program had helped their businesses and asked the administration to consider a 24-week extension to the program. The president took questions from reporters and said he was &ldquo;surprised&rdquo; by the statement from Attorney General Barr earlier in the day, saying he does not foresee the Justice Department probe into the origins of the Russia investigation to lead to a criminal investigation of former President Obama or former Vice President Biden. President Trump also talked about his firing of State Department Inspector General Steve Linick, saying he had the right to terminate as president. He also stated that he had been taking hydroxychloroquine as a preventive measure against COVID-19 despite warnings from the medical community against its safety.",2020-05-18,https://www.c-span.org/video/?472244-1/restaurant-executives-meeting-white-house,Speech
547978,473015-1,"President Trump Campaign Rally in Tulsa, Oklahoma","President Trump, in his first campaign rally since the coronavirus pandemic forced a shutdown of the country in March, spoke at a rally in Tulsa, Oklahoma. He talked about the pandemic, presidential politics, and the economy.",2020-06-20,https://www.c-span.org/video/?473015-1/president-trump-campaign-rally-tulsa-oklahoma,Speech
548523,473331-1,President Trump Delivers Remarks at Student Convention,"President Trump spoke at a rally with students hosted by Turning Point USA in Phoenix, Arizona. &ldquo;Ten years is a long time to spend in prison,&rdquo; said the president while alluding to the punishment for protesters who damage monuments or attempt to take down statues. President Trump also talked about the coronavirus pandemic and testing, the U.S.-Mexico border wall, and the economy.",2020-06-23,https://www.c-span.org/video/?473331-1/president-trump-delivers-remarks-student-convention,Speech
549152,473682-1,President Trump on COVID-19 and School Safety,"President Trump and first lady Melania Trump participated in a roundtable discussion with students, parents, teachers and medical professionals on efforts to reopen schools in the fall amid the coronavirus pandemic.",2020-07-07,https://www.c-span.org/video/?473682-1/president-trump-covid-19-school-safety,Speech
549692,473927-1,President Trump Remarks on Rolling Back Regulations,"President Trump delivered remarks from the White House South Lawn on deregulation. He touted his administration&rsquo;s rescission of regulations, saying that doing so would help spur the economy and bring jobs back to the United States. The president also asserted that the plan of his Democratic presidential opponent, former Vice President Joe Biden, would threaten &ldquo;our entire economy, and very way of life.&rdquo;",2020-07-16,https://www.c-span.org/video/?473927-1/president-trump-remarks-rolling-back-regulations,Speech
551241,474841-1,"President Trump Remarks in Oshkosh, Wisconsin","President Trump delivered remarks to a crowd in Oshkosh, Wisconsin, where he spoke about jobs and the economy, his handling of the coronavirus pandemic, recent protests across the nation and the 2020 presidential election campaign. He commented on former first lady Michelle Obama&rsquo;s taped remarks scheduled to air during the opening night of the Democratic National Convention. He also compared himself to 2020 Democratic presumptive presidential nominee Joe Biden on a range of issues.",2020-08-17,https://www.c-span.org/video/?474841-1/president-trump-remarks-oshkosh-wisconsin,Speech
551240,474840-1,"President Trump Delivers Remarks in Mankato, Minnesota","In Mankato, Minnesota, President Trump delivered remarks on the economy. He also spoke about recent protests in the state, the federal government response to the coronavirus pandemic, and negotiations with congressional Democrats on additional COVID-19 aid. He compared himself to 2020 presumptive Democratic presidential nominee Joe Biden on a range of issues.",2020-08-17,https://www.c-span.org/video/?474840-1/president-trump-delivers-remarks-mankato-minnesota,Speech
551242,474842-1,"President Trump Remarks in Yuma, Arizona, on Immigration","President Trump delivered remarks on border security and immigration at a campaign-style event held from an airplane hangar in Yuma, Arizona. The president spoke about the border wall, the decline in illegal border crossings, and the policies his administration had put in place, such as ending &ldquo;catch-and-release&rdquo; and overhauling the work-visa program. He also spoke about the first night of the Democratic National Convention, calling former first lady Michelle Obama&rsquo;s speech &ldquo;divisive&rdquo; and &ldquo;obsolete.&rdquo;",2020-08-18,https://www.c-span.org/video/?474842-1/president-trump-remarks-yuma-arizona-immigration,Speech
551439,474929-1,President Trump Receives Update on Border Wall Construction,"President Trump spoke with the press in Yuma, Arizona, after being updated on border wall construction. When he was asked about the recently completed Senate Intelligence Committee report on the 2016 presidential election, which documented Russian interference, President Trump said he knew nothing about it, later reasserting his claims that the Russia investigation was a &ldquo;hoax.&rdquo;",2020-08-18,https://www.c-span.org/video/?474929-1/president-trump-receives-update-border-wall-construction,Speech
551545,474979-1,President Trump Remarks in Pennsylvania,"President Trump gave remarks in Old Forge, Pennsylvania, near Scranton, the latter being the hometown of his Democratic challenger, Joe Biden. His remarks coincided with the final day of the 2020 Democratic National Convention.",2020-08-20,https://www.c-span.org/video/?474979-1/president-trump-remarks-pennsylvania,Speech
551669,475028-1,President Trump Remarks at Council For National Policy Meeting,"President Trump gave campaign-style remarks at the 2020 Council for National Policy meeting in Arlington, Virginia. He compared his actions in office to that of Democratic presidential nominee Joe Biden while he served as vice president. He also outlined what he would do to address certain policy issues versus what his opponent would do. President Trump heavily criticized the use of mail-in voting during the COVID-19 pandemic and warned supporters that they might never know the outcome of the election.",2020-08-21,https://www.c-span.org/video/?475028-1/president-trump-remarks-council-national-policy-meeting,Speech
552217,475315-1,"President Trump Campaign Event in Latrobe, Pennsylvania","President Trump delivered remarks at a campaign event in Latrobe, Pennsylvania. He listed his administration&rsquo;s accomplishments and addressed the ongoing coronavirus pandemic.",2020-09-03,https://www.c-span.org/video/?475315-1/president-trump-campaign-event-latrobe-pennsylvania,Speech
552361,475421-1,"President Trump Campaign Event in Winston-Salem, North Carolina","President Trump spoke at a campaign event held at the Winston-Salem, North Carolina, airport.",2020-09-08,https://www.c-span.org/video/?475421-1/president-trump-campaign-event-winston-salem-north-carolina,Speech
552684,475644-1,"President Trump Remarks in Freeland, Michigan","President Trump delivered remarks at a campaign rally in Freeland, Michigan. During his remarks, he talked about a variety of domestic and foreign affairs issues, including his decision to move the U.S. embassy in Israel to Jerusalem and his summit with North Korean leader Kim Jong Un. He also remarked on his nomination by a Norwegian lawmaker for the 2021 Nobel Peace Prize, and about journalist and author Bob Woodward&rsquo;s reporting on his administration&rsquo;s response to the coronavirus pandemic.",2020-09-10,https://www.c-span.org/video/?475644-1/president-trump-remarks-freeland-michigan,Speech
552540,475541-1,"President Trump Campaign Rally in Reno, Nevada","President Trump spoke at a campaign rally held at an airport in Minden, Nevada, near Lake Tahoe. He talked about his support for law enforcement, the federal response to the coronavirus pandemic, and rebuilding the economy. He repeated his previous criticisms of former Vice President and 2020 Democratic presidential nominee Joe Biden, calling him &ldquo;Sleepy Joe&rdquo; and saying that he would destroy the suburbs if elected. Early in his remarks, President Trump spoke about Nevada Governor Steve Sisolak (D), saying he was trying to stop the Trump campaign from holding the rally and suggested the governor was trying &ldquo;to rig the election&rdquo; because &ldquo;he&rsquo;s in control of millions of votes.&rdquo;",2020-09-12,https://www.c-span.org/video/?475541-1/president-trump-campaign-rally-reno-nevada,Speech
552541,475542-1,"President Trump Holds Campaign Rally in Henderson, Nevada","President Trump spoke at a campaign rally in Las Vegas. During his remarks, the president urged Nevada Governor Sisolak to &ldquo;open up your state.&rdquo; The governor criticized the president for holding the indoor rally, which violated a state mandate limiting gatherings to 50 people.",2020-09-13,https://www.c-span.org/video/?475542-1/president-trump-holds-campaign-rally-henderson-nevada,Speech
552866,475743-1,"""Latinos for Trump"" Roundtable in Las Vegas","President Trump hosted a &lsquo;Latinos for Trump&rsquo; campaign roundtable at the Treasure Island Hotel and Casino in Las Vegas, a property owned by Phil Ruffin, a business partner of the Trump Organization. At the top of the event, President Trump talked about some of his administration&rsquo;s first-term actions aimed at lowering Latino unemployment. Then the participants, most of them small business owners in the Las Vegas area, talked about why they were supporting President Trump&rsquo;s campaign for reelection. The roundtable was part of a multi-state swing through Western states, including Nevada, California, and Arizona.",2020-09-13,https://www.c-span.org/video/?475743-1/latinos-trump-roundtable-las-vegas,Speech
552867,475744-1,"President Trump Hosts ""Latinos for Trump"" Roundtable in Phoenix",President Trump hosted a &ldquo;Latinos for Trump&rdquo; roundtable at the Arizona Grand Resort in Phoenix.,2020-09-14,https://www.c-span.org/video/?475744-1/president-trump-hosts-latinos-trump-roundtable-phoenix,Speech
553140,475934-1,President Trump Remarks at White House History Conference,"President Trump made remarks at the White House History Conference at the National Archives in Washington, D.C. During his remarks, the president denounced what he called &ldquo;left wing mob,&rdquo; saying a &ldquo;radical movement is moving to demolish our precious history.&rdquo; He later said the &ldquo;left&rdquo; wanted &ldquo;to impose a new segregation.&rdquo; President Trump announced a new executive order to promote &ldquo;patriotic education,&rdquo; called the 1776 Commission. Vice President Pence introduced the president.",2020-09-17,https://www.c-span.org/video/?475934-1/president-trump-remarks-white-house-history-conference,Speech
552830,475727-1,"President Trump Rally in Mosinee, Wisconsin","President Trump delivered remarks at a &ldquo;Great American Comeback&rdquo; event in Mosinee, Wisconsin.",2020-09-17,https://www.c-span.org/video/?475727-1/president-trump-rally-mosinee-wisconsin,Speech
552829,475726-1,"President Trump Campaign Remarks in Bemidji, Minnesota","President Trump gave remarks at a &ldquo;Great American Comeback&rdquo; rally in Bemidji, Minnesota, held in support of his campaign for reelection. It was among his longest-ever campaign speeches, and covered a variety of topics, including his 2016 match-up against Democrat Hillary Clinton, his 2020 challenger Democrat Joe Biden, and many of his campaign&rsquo;s cornerstone issues, including support for law enforcement and strong border controls.",2020-09-18,https://www.c-span.org/video/?475726-1/president-trump-campaign-remarks-bemidji-minnesota,Speech
552987,475837-1,"President Trump Campaign Rally in Fayetteville, North Carolina","President Trump held a campaign rally in Fayetteville, North Carolina, where he talked about a COVID-19 vaccine, supporting law enforcement, and the sale of Tik Tok, the Chinese video-sharing social networking service. While discussing 2020 Democratic presidential nominee Joe Biden, he called the former vice president &ldquo;the dumbest candidate&rdquo; in history. After paying homage to the late Supreme Court Justice Ruth Bader Ginsburg, who died the previous day, the president said he plans to announce his nominee to replace her in the coming week, and that it would be a woman.",2020-09-19,https://www.c-span.org/video/?475837-1/president-trump-campaign-rally-fayetteville-north-carolina,Speech
553211,475976-1,"President Trump Campaign Remarks Near Dayton, Ohio",President Trump delivered remarks at a rally held at Dayton International Airport in western Ohio.,2020-09-21,https://www.c-span.org/video/?475976-1/president-trump-campaign-remarks-dayton-ohio,Speech
553153,475943-1,"President Trump Campaign Remarks in Swanton, Ohio","President Trump spoke at a campaign rally at the Toledo Express Airport in Swanton, Ohio.",2020-09-21,https://www.c-span.org/video/?475943-1/president-trump-campaign-remarks-swanton-ohio,Speech
553210,475975-1,President Trump Holds Rally in Pittsburgh,President Trump delivered remarks at a rally held at Pittsburgh International Airport.,2020-09-22,https://www.c-span.org/video/?475975-1/president-trump-holds-rally-pittsburgh,Speech
553495,476150-1,President Trump Delivers Remarks on Bay of Pigs Remembrance,President Trump delivered remarks honoring veterans of the Bay of Pigs invasion.,2020-09-23,https://www.c-span.org/video/?476150-1/president-trump-delivers-remarks-bay-pigs-remembrance,Speech
553373,476079-1,"President Trump Campaign Rally in Jacksonville, Florida","President Trump delivered remarks at a campaign rally in Jacksonville, Florida. He talked about a variety of domestic and foreign policy issues, and also about his forthcoming pick of a replacement for the late Supreme Court Justice Ruth Bader Ginsburg.",2020-09-24,https://www.c-span.org/video/?476079-1/president-trump-campaign-rally-jacksonville-florida,Speech
553581,476210-1,"President Trump Hosts ""Latinos for Trump"" Roundtable in Miami",President Trump hosts a &ldquo;Latinos for Trump&rdquo; roundtable discussion in Miami.,2020-09-25,https://www.c-span.org/video/?476210-1/president-trump-hosts-latinos-trump-roundtable-miami,Speech
553524,476175-1,President Trump Remarks on Black Economic Empowerment in Atlanta,"President Trump made remarks in Atlanta on his plan to boost economic opportunities for Black Americans. President Trump said the Platinum Plan would boost federal dollars targeted for investment in Black businesses and communities and create new opportunities to change policing and law enforcement policy throughout the U.S. He was introduced by Herschel Walker, a retired professional football player.",2020-09-25,https://www.c-span.org/video/?476175-1/president-trump-remarks-black-economic-empowerment-atlanta,Speech
553445,476122-1,"President Trump Rally in Newport News, Virginia","President Trump spoke at a campaign rally in Newport News, Virginia. He was introduced by Vice President Mike Pence.",2020-09-25,https://www.c-span.org/video/?476122-1/president-trump-rally-newport-news-virginia,Speech
553471,476135-1,"President Trump Rally in Middletown, Pennsylvania","President Trump held a campaign rally in Middletown, Pennsylvania, a few miles from the state capital of Harrisburg. He spoke about his handling of coronavirus pandemic, support for law enforcement, bringing back manufacturing jobs to the country, and the need to protect the election from fraud that he has attributed to the use of mail-in ballots. He also discussed his nominee to the Supreme Court, Judge Amy Coney Barrett.",2020-09-26,https://www.c-span.org/video/?476135-1/president-trump-rally-middletown-pennsylvania,Speech
553781,476320-1,"President Trump Campaign Rally in Duluth, Minnesota","President Trump delivered remarks at a rally in support of his reelection held at Duluth International Airport in Minnesota, near the state&rsquo;s border with Wisconsin. It was his first campaign event since the first presidential debate against Democratic challenger Joe Biden, which was held in Cleveland the evening prior. During his remarks, President Trump claimed victory in the debate before making his case as to why he was the best choice for Minnesotans as they voted in the 2020 election. Afterward, President Trump boarded Air Force One to return to the White House.",2020-09-30,https://www.c-span.org/video/?476320-1/president-trump-campaign-rally-duluth-minnesota,Speech
554597,476869-1,President Trump Remarks from the White House,"President Trump delivered brief remarks at a &ldquo;law and order&rdquo; rally from the White House. The president was greeted with cheers, telling those gathered that he &ldquo;felt great.&rdquo; This was the president&rsquo;s first in-person event since his return to the White House from Walter Reed Medical Center after testing positive for COVID-19.",2020-10-10,https://www.c-span.org/video/?476869-1/president-trump-remarks-white-house,Speech
554593,476867-1,"President Trump Hosts Rally in Sanford, Florida","President Trump delivered remarks at a campaign rally in Sanford, Florida, his first public event outside of the White House since being diagnosed with COVID-19 earlier in October 2020. His remarks hit on a number of his signature campaign issues, including the economy, trade, immigration, and border security.",2020-10-12,https://www.c-span.org/video/?476867-1/president-trump-hosts-rally-sanford-florida,Speech
554634,476880-1,"President Trump Holds Campaign Rally in Johnstown, Pennsylvania","President Trump delivered remarks at a campaign rally in Johnstown, Pennsylvania. He talked about a number of his signature campaign issues during the address, including the economy, trade, and his support of natural gas fracking in states like Pennsylvania. He also accused Joe Biden, the Democratic presidential nominee, of &ldquo;abandoning&rdquo; his home state of of Pennsylvania.",2020-10-13,https://www.c-span.org/video/?476880-1/president-trump-holds-campaign-rally-johnstown-pennsylvania,Speech
554635,476881-1,"President Trump Holds Campaign Rally in Des Moines, Iowa",President Trump delivered remarks at a campaign rally in Iowa&rsquo;s capital of Des Moines.,2020-10-14,https://www.c-span.org/video/?476881-1/president-trump-holds-campaign-rally-des-moines-iowa,Speech
554749,476965-1,President Trump Delivers Remarks to the New York Economic Club,"President Trump delivered remarks on the economy to a virtual gathering of the Economic Club of New York. He touted his administration&rsquo;s record on the economy and talked about its efforts to stimulate economic growth amid the ongoing coronavirus pandemic, and compared his policies to those of his 2020 Democratic nominee Joe Biden. He also answered questions from economic club leaders in Florida and Washington, D.C.",2020-10-14,https://www.c-span.org/video/?476965-1/president-trump-delivers-remarks-york-economic-club,Speech
554636,476882-1,"President Trump Rally in Greenville, North Carolina","President Trump delivered remarks at a campaign rally in Greenville, North Carolina, less than three weeks before Election Day and on the first day of voting in the state. During his remarks, President Trump spoke of a number of his campaign&rsquo;s cornerstone issues, including the economy, trade, and border security. He also criticized Governor Roy Cooper (D-NC) for his handling of the coronavirus pandemic and urged him to reopen the state. The president also talked about a recent <i>New York Post</i> story regarding 2020 Democratic presidential nominee Joe Biden&rsquo;s son, Hunter.",2020-10-15,https://www.c-span.org/video/?476882-1/president-trump-rally-greenville-north-carolina,Speech
554706,476933-1,"President Trump Holds Rally in Ocala, Florida","President Trump spoke at a campaign rally in Ocala, Florida.",2020-10-16,https://www.c-span.org/video/?476933-1/president-trump-holds-rally-ocala-florida,Speech
554707,476934-1,"President Trump Campaign Rally in Macon, Georgia","President Trump delivered remarks at a campaign rally in Macon, Georgia, his second such event that day. This rally followed earlier remarks in Florida. During his remarks in Georgia, President Trump talked about many of his signature campaign issues, including the economy, trade and border security. He also criticized his Democratic opponent, former Vice President Joe Biden, for his economic plan and his proposals to combat the coronavirus pandemic.",2020-10-16,https://www.c-span.org/video/?476934-1/president-trump-campaign-rally-macon-georgia,Speech
554784,476981-1,"President Trump Rally in Muskegon, Michigan","President Trump delivered remarks at a campaign rally in Muskegon, Michigan. He began his remarks by assailing what he called the &ldquo;radical left,&rdquo; saying they would &ldquo;erase American history&rdquo; and &ldquo;purge American values.&rdquo; When speaking on the election, the president declared a &ldquo;red wave&rdquo; was coming, claiming that he was in the lead with early voting. While decrying state shutdowns due to the pandemic, President Trump addressed the kidnapping plot against the Michigan Governor Gretchen Whitmer (D), saying, &ldquo;I guess they said she was threatened, and she blamed me; she blamed me.&rdquo;",2020-10-17,https://www.c-span.org/video/?476981-1/president-trump-rally-muskegon-michigan,Speech
554785,476982-1,"President Trump Campaign Rally in Janesville, Wisconsin","President Trump delivers spoke at a campaign rally in Janesville, Wisconsin.",2020-10-17,https://www.c-span.org/video/?476982-1/president-trump-campaign-rally-janesville-wisconsin,Speech
554920,477074-1,President Trump Holds Campaign Rally in Nevada's Capital,,2020-10-18,https://www.c-span.org/video/?477074-1/president-trump-holds-campaign-rally-nevadas-capital,Speech
554925,477079-1,"President Trump Campaign Rally in Tucson, Arizona","President Trump delivered remarks at a campaign rally in Tucson, Arizona.",2020-10-19,https://www.c-span.org/video/?477079-1/president-trump-campaign-rally-tucson-arizona,Speech
554982,477111-1,"President Trump Campaign Event in Erie, Pennsylvania","President Trump delivered remarks at a campaign rally in Erie, Pennsylvania, in support of his reelection.",2020-10-20,https://www.c-span.org/video/?477111-1/president-trump-campaign-event-erie-pennsylvania,Speech
554983,477112-1,"President Trump Campaigns in Gastonia, North Carolina","President Trump delivered remarks at a rally in support of his re-election held in Gastonia, North Carolina.",2020-10-21,https://www.c-span.org/video/?477112-1/president-trump-campaigns-gastonia-north-carolina,Speech
555217,477258-1,"President Trump Campaigns in The Villages, Florida","President Trump delivered remarks at a campaign rally in The Villages, Florida, one of the world&rsquo;s largest retirement communities.",2020-10-23,https://www.c-span.org/video/?477258-1/president-trump-campaigns-villages-florida,Speech
555219,477259-1,"President Trump Campaign Rally in Pensacola, Florida","President Trump spoke at a campaign rally in Pensacola, Florida.",2020-10-23,https://www.c-span.org/video/?477259-1/president-trump-campaign-rally-pensacola-florida,Speech
555342,477325-1,"President Trump Holds Rally in Circleville, Ohio","President Trump delivered remarks at a campaign rally in Circleville, Ohio. He began by touting the return of Big Ten football. While speaking about the economy, health care, and the coronavirus, the president took several opportunities to assail his opponent, former Vice President Joe Biden. During the rally, the President played a video clip of former Vice President Biden talking about fracking, a topic on which the two disagreed in their last debate.",2020-10-24,https://www.c-span.org/video/?477325-1/president-trump-holds-rally-circleville-ohio,Speech
555337,477323-1,President Trump Campaigns in New Hampshire,"President Trump delivered remarks at a campaign rally near New Hampshire&rsquo;s largest city, Manchester. His remarks covered a variety of domestic and foreign affairs topics, and largely focused on his administration&rsquo;s economic policies, which he said had been severely hampered by the ongoing coronavirus pandemic. He also talked about his political record in New Hampshire, which was the first state he won in the 2016 Republican presidential primaries. President Trump&rsquo;s visit to New Hampshire came just more than a week before Election Day, as the latest RealClearPolitics polling average had him running 11 points behind in the state to his Democratic challenger, Joe Biden.",2020-10-25,https://www.c-span.org/video/?477323-1/president-trump-campaigns-hampshire,Speech
555363,477339-1,"President Trump Campaigns in Martinsburg, Pennsylvania","President Trump delivered remarks at a campaign rally near Altoona, Pennsylvania.",2020-10-26,https://www.c-span.org/video/?477339-1/president-trump-campaigns-martinsburg-pennsylvania,Speech
555365,477341-1,"President Trump Campaign Rally in West Salem, Wisconsin","President Trump spoke at a campaign rally in West Salem, Wisconsin.",2020-10-27,https://www.c-span.org/video/?477341-1/president-trump-campaign-rally-west-salem-wisconsin,Speech
555366,477342-1,"President Trump Campaign Rally in Omaha, Nebraska","President Trump delivered remarks at a campaign rally in Omaha, Nebraska. At the beginning of his remarks, the president said that &ldquo;this election is a choice between the Trump super recovery, which is what we&rsquo;re having, or a Biden depression, sad to say.&rdquo; While touting his administration&rsquo;s accomplishments, President Trump said that the country was &ldquo;making that final turn&rdquo; on the coronavirus pandemic and that the nation needs to get back to normal.",2020-10-27,https://www.c-span.org/video/?477342-1/president-trump-campaign-rally-omaha-nebraska,Speech
555364,477340-1,"President Trump Campaign Rally in Lansing, Michigan","President Trump spoke at a campaign rally in Lansing, Michigan.",2020-10-27,https://www.c-span.org/video/?477340-1/president-trump-campaign-rally-lansing-michigan,Speech
555586,477460-1,"President Trump Campaign Rally in Goodyear, Arizona","President Trump delivered remarks at a campaign rally in Goodyear, Arizona. He also reacted to news that former Homeland Security Department official Miles Taylor was the author of an anonymous 2018 <i>New York Times</i> opinion piece critical of the president.",2020-10-28,https://www.c-span.org/video/?477460-1/president-trump-campaign-rally-goodyear-arizona,Speech
555584,477458-1,"President Trump Campaign Rally in Bullhead City, Arizona","President Trump delivered remarks at a campaign rally in Bullhead City, Arizona, on the Nevada border with less than a week to go until Election Day.",2020-10-28,https://www.c-span.org/video/?477458-1/president-trump-campaign-rally-bullhead-city-arizona,Speech
555634,477485-1,"President Trump Campaign Rally in Tampa, Florida","President Trump delivered remarks at a campaign rally in Tampa. He talked about several issues, including the economy, China, and Democratic presidential nominee Joe Biden. He also commented on the news that former Homeland Security official Miles Taylor was the anonymous author of a 2018 <i>New York Time</i> opinion piece, calling him a &ldquo;lowlife&rdquo; and &ldquo;disgrace to our country&rdquo; who should be prosecuted.",2020-10-29,https://www.c-span.org/video/?477485-1/president-trump-campaign-rally-tampa-florida,Speech
555718,477541-1,"President Trump Campaign Rally in Rochester, Minnesota","President Trump spoke at a campaign rally in Rochester, Minnesota. Due to state mandated coronavirus pandemic restrictions, the campaign had to limit the attendance to 250 people. Speaking about the crowd limitation, President Trump decried the mandate, saying that Governor Tim Walz (D) and state Attorney General Keith Ellison (D) &ldquo;tried to shut-down our rally, silence the people of Minnesota, and take away your freedom, and your rights.&rdquo; Due to technical difficulties, a small portion of the president&rsquo;s remarks could not be shown.",2020-10-30,https://www.c-span.org/video/?477541-1/president-trump-campaign-rally-rochester-minnesota,Speech
555805,477598-1,"President Trump Holds Rally in Butler, Pennsylvania","President Trump spoke at a campaign rally in Butler, Pennsylvania.",2020-10-31,https://www.c-span.org/video/?477598-1/president-trump-holds-rally-butler-pennsylvania,Speech
555804,477597-1,"President Trump Holds Rally in Montoursville, PA","President Trump delivered remarks at a campaign rally in Montoursville, Pennsylvania.",2020-10-31,https://www.c-span.org/video/?477597-1/president-trump-holds-rally-montoursville-pa,Speech
555767,477560-1,"President Trump Holds Rally in Reading, Pennsylvania","President Trump spoke at a campaign rally in Reading, Pennsylvania.",2020-10-31,https://www.c-span.org/video/?477560-1/president-trump-holds-rally-reading-pennsylvania,Speech
555896,477675-1,"President Trump Holds Rally in Hickory, North Carolina","President Trump spoke at a rally in Hickory, North Carolina, one of his five scheduled campaign stops on the last Sunday before Election Day. President Trump won North Carolina in the 2016 election.",2020-11-01,https://www.c-span.org/video/?477675-1/president-trump-holds-rally-hickory-north-carolina,Speech
555919,477686-1,"President Trump Campaign Rally in Kenosha, Wisconsin","President Trump spoke at a campaign rally in Kenosha, Wisconsin.",2020-11-02,https://www.c-span.org/video/?477686-1/president-trump-campaign-rally-kenosha-wisconsin,Speech
555918,477685-1,"President Trump and Vice President Pence Speak at Campaign Rally in Traverse City, Michigan","President Trump and Vice President Mike Pence spoke at a campaign rally in Traverse City, Michigan. There are about 16 minutes between the vice president and president&rsquo;s remarks.",2020-11-02,https://www.c-span.org/video/?477685-1/president-trump-vice-president-pence-speak-campaign-rally-traverse-city-michigan,Speech
555917,477684-1,"President Trump Campaign Rally Near Scranton, Pennsylvania","President Trump delivered remarks at a campaign rally in Avoca, Pennsylvania, near Scranton, the hometown of 2020 Democratic presidential nominee Joe Biden.",2020-11-02,https://www.c-span.org/video/?477684-1/president-trump-campaign-rally-scranton-pennsylvania,Speech
555916,477683-1,"President Trump Campaign Rally in Fayetteville, North Carolina","President Trump spoke at a campaign rally in Fayetteville, North Carolina.",2020-11-02,https://www.c-span.org/video/?477683-1/president-trump-campaign-rally-fayetteville-north-carolina,Speech
555951,477710-1,President Trump Remarks on Election Status,"President Trump delivered remarks from the East Room of the White House on Election Night, before the race had been called. The president thanked his supporters and talked about the states he had won. President Trump also claimed that there were irregularities in the vote counting process. &ldquo;This is a fraud on the American public. This is an embarrassment to our country. We were getting ready to win this election. Frankly, we did win this election,&rdquo; he said.",2020-11-03,https://www.c-span.org/video/?477710-1/president-trump-remarks-election-status,Speech
556194,477858-1,President Trump Remarks on Election Results,"President Trump made his first remarks at the White House two days after Election Day and without a declared winner in the presidential race. &ldquo;This is a case where they&rsquo;re trying to steal an election. They&rsquo;re trying to rig an election and we can&rsquo;t let that happen,&rdquo; said the president without providing evidence to back his assertions. President Trump claimed that mail-in ballots inherently led to &ldquo;corruption&rdquo; and election workers &ldquo;finding&rdquo; these ballots during the counting process amounted to election fraud. The president said his campaign would pursue legal action, including going to the Supreme Court.",2020-11-05,https://www.c-span.org/video/?477858-1/president-trump-remarks-election-results,Speech
585847,506975-1,President Trump Statement on 2020 Election Results,"The White House posted remarks on Facebook from President Trump about his view of voting and election security in the 2020 election. In the recorded statement, the president provided examples of what he described as fraudulent activity related to mail-in voting in several swing states.",2020-12-02,https://www.c-span.org/video/?506975-1/president-trump-statement-2020-election-results,Speech
585842,506972-1,President Trump Campaigns for U.S. Senate Runoffs in Georgia,"President Trump spoke at a rally in Valdosta, GA in support of Georgia Republican Senators David Perdue and Kelly Loeffler, both facing runoff elections in early January. The president asserted his claims that he was the winner of the presidential election. &ldquo;If I lost, I&rsquo;d be a very gracious loser,&rdquo; said the president, later saying he would go to Florida &ldquo;and take it easy.&rdquo; Proclaiming they will win this election, President Trump - without making a commitment - said in &ldquo;2024, and hopefully I won&rsquo;t have to be a candidate, we&rsquo;re going to win back the White House again.&rdquo;",2020-12-05,https://www.c-span.org/video/?506972-1/president-trump-campaigns-us-senate-runoffs-georgia,Speech
587026,507634-1,President Trump Remarks at Georgia U.S. Senate Campaign Event,"President Trump spoke at a Dalton, Georgia, rally in support of Senators David Perdue and Kelly Loeffler, both candidates in Georgia&rsquo;s two 2020 U.S. Senate runoff elections. Mr. Perdue did not attend the rally because he was quarantined after coming into contact with someone who tested for COVID-19 within the previous week. President Trump encouraged voters to vote for the two Republican candidates, noting that a win for their Democratic challengers would hand control of the Senate to Democrats. Most of the president&rsquo;s remarks concerned his displeasure with the results of the 2020 presidential election, which he lost in both the popular vote and the Electoral College. He said his supporters in Congress would continue to support him as both legislative chambers were set to accept the Electoral College results in just two days. Senator Loeffler, Representative Majrorie Taylor Greene (R-GA), and Ivanka Trump, the president&rsquo;s daughter, also spoke during the rally.",2021-01-04,https://www.c-span.org/video/?507634-1/president-trump-remarks-georgia-us-senate-campaign-event,Speech
587224,507744-1,Rally on Electoral College Vote Certification,"President Trump spoke at a rally in Washington, D.C., held to protest the results of the Electoral College, which Congress was set to count later that day. &ldquo;We will never give up. We will never concede,&rdquo; he declared. President Trump repeated his unsubstantiated claims of fraud in both the November election and the Georgia U.S. Senate runoff election held the previous night. He railed against Republicans he deemed insufficiently supportive of his efforts to overturn the results and promised to &ldquo;primary the hell out of the ones that don&rsquo;t fight.&rdquo; The president also continued to publicly pressure his vice president, Mike Pence, to reject electoral votes in states that he lost. As the speech was concluding, Vice President Pence issued a statement saying he lacked the constitutional authority to dismiss the votes when Congress met later that day.Note: Because of audio difficulties with the president&rsquo;s microphone, there was no audio during the first 38 seconds of his remarks.",2021-01-06,https://www.c-span.org/video/?507744-1/rally-electoral-college-vote-certification,Speech
