id,paragraph_id,speaker,date,title,source,url,paragraph_in_speech,paragraph_text
51783,51783,DonaldTrump,2020-09-26,Remarks by President Trump Announcing His Nominee for Associate Justice of the Supreme Court of the United States,NA,https://votesmart.org/public-statement/1469426/remarks-by-president-trump-announcing-his-nominee-for-associate-justice-of-the-supreme-court-of-the-united-states&speechType=1,12,three times she was selected at notre dame distinguished professor of the year when i nominated judge barrett to serve on the u.s court of appeals for the seventh circuit in 2017 every law clerk from her time at the
37006,37006,MikePence,2019-11-08,"President Trump Remarks at ""Black Voices for Trump"" Rally",466133-1,https://www.c-span.org/video/?466133-1/president-trump-remarks-black-voices-trump-rally,184,jobs opportunity and freedom with everyone you know reach out your friends neighbors churches and communities including your religious communities which we are bringing back into our nation we need them tell them to judge us based on that and
11040,11040,DonaldTrump,2020-09-18,"President Trump Campaign Remarks in Bemidji, Minnesota",475726-1,https://www.c-span.org/video/?475726-1/president-trump-campaign-remarks-bemidji-minnesota,163,conceived by men we have rebuilt our military to a level nobody thought possible and then the fake news and i said that a couple of weeks ago i said we have created the most powerful weapons known to man
8640,8640,DonaldTrump,2020-08-20,President Trump Remarks in Pennsylvania,474979-1,https://www.c-span.org/video/?474979-1/president-trump-remarks-pennsylvania,31,a question i just heard on the newscast since july 17 hasn't taken a question from the fake news back there cheering and applause i take about a hundred questions a day these people it's one thing i've learned the
24852,24852,JoeBiden,2020-01-04,"Joe Biden Campaigns in Vinton, Iowa",467789-1,https://www.c-span.org/video/?467789-1/joe-biden-campaigns-vinton-iowa,86,to do today we call it authenticity the thing i like about what i've been taught at my table as well as what abby was taught is authenticity matters i think the american people are looking for some authenticity if
56928,56928,MikePence,2019-03-05,Remarks by Vice President Pence at the National Association of Manufacturers Board of Directors Meeting,NA,https://votesmart.org/public-statement/1327183/remarks-by-vice-president-pence-at-the-national-association-of-manufacturers-board-of-directors-meeting&speechType=1,91,this is now the future he said i'm not looking backwards i'm looking forwards but he did look at this chinese official i got to tell you and he said he look at him and he referred to a trade
3429,3429,DonaldTrump,2019-11-04,"President Trump Rally in Lexington, Kentucky",465541-1,https://www.c-span.org/video/?465541-1/president-trump-rally-lexington-kentucky,31,i told you he is a dictator he wants to take control of our country these people are crazy you have one not job on television sitting down doing an interview recently and he looks at the person he is
58790,58790,MikePence,2019-05-18,Remarks by Vice President Pence at Taylor University Commencement Ceremony,NA,https://votesmart.org/public-statement/1343761/remarks-by-vice-president-pence-at-taylor-university-commencement-ceremony&speechType=1,52,that i'll never forget i said to him don't forget about that catalogue and he turned around and he looked at me and he said mike remember you got to wear it in your heart before you wear it around
34644,34644,KamalaHarris,2020-10-30,"Senator Kamala Harris Campaigns in Houston, Texas",477548-1,https://www.c-span.org/video/?477548-1/senator-kamala-harris-campaigns-houston-texas,47,and move somewhere else and get hired joe has the courage to speak truth about this on the other hand you have donald trump who stood on a stage in front of 70 million american people at a debate and
34957,34957,KamalaHarris,2020-10-31,"Senator Kamala Harris Campaigns in Broward County, Florida",477609-1,https://www.c-span.org/video/?477609-1/senator-kamala-harris-campaigns-broward-county-florida,23,gonna lower medicare eligibility to age 60 we're gonna deal with health care in a way that we expand coverage understanding that health care doesn't mean the body starts from the neck down it also includes health care from the
10525,10525,DonaldTrump,2020-09-17,President Trump Remarks at White House History Conference,475934-1,https://www.c-span.org/video/?475934-1/president-trump-remarks-white-house-history-conference,44,there is no more powerful force than a parent's love for their children and patriotic moms and dads are going to demand that their children are no longer fed hateful lies about this country american parents are not going to
42201,42201,JoeBiden,2020-06-17,"My Remarks in Darby, Pennsylvania, on Reopening the Economy Safely",NA,https://medium.com/@JoeBiden/my-remarks-in-darby-pennsylvania-on-reopening-the-economy-safely-4a869ea8b11?source=user_profile---------56----------------------------,19,and is putting hope for an economic recovery at risk.jobs numbers and retail sales reports were better than expected in may that's great news for our country but now donald trump's desire to declare victory and be done with it
35229,35229,KamalaHarris,2020-11-02,Senator Kamala Harris Holds Drive-In Rally in Pennsylvania's Lehigh Valley,477691-1,https://www.c-span.org/video/?477691-1/senator-kamala-harris-holds-drive-rally-pennsylvanias-lehigh-valley,33,trying to so hate and division between us trying to get americans to turn on each other we're done with that yeah and joe knows that the true measure of strength of any human being is measured not based on
39732,39732,MikePence,2020-12-17,"Vice President Pence Campaigns for U.S. Senate Candidates in Macon, Georgia",507406-1,https://www.c-span.org/video/?507406-1/vice-president-pence-campaigns-us-senate-candidates-macon-georgia,46,then we change america well i got news for chuck schumer and the washington democrats we're gonna keep george we're gonna save the senate and then we're gonna save america you know i saw joe biden was in atlanta this
11565,11565,DonaldTrump,2020-09-21,"President Trump Campaign Remarks Near Dayton, Ohio",475976-1,https://www.c-span.org/video/?475976-1/president-trump-campaign-remarks-dayton-ohio,29,gloves open because they do all this disinformation they make up phony stuff like the military with what he said i think it's a disgrace and he should apologize a source said i have 27 people that said no way
35291,35291,KamalaHarris,2020-11-02,John Legend and Senator Kamala Harris at Biden Campaign Rally in Philadelphia,477692-1,https://www.c-span.org/video/?477692-1/john-legend-senator-kamala-harris-biden-campaign-rally-philadelphia,34,themselves music kendrick lamar ten hail marys i meditate for practice channel 9 news tell me i'm movin backwards eight blacks left death is around the corner seven misleadin statements by my persona six headlights wavin in my direction come
9166,9166,DonaldTrump,2020-09-03,"President Trump Campaign Event in Latrobe, Pennsylvania",475315-1,https://www.c-span.org/video/?475315-1/president-trump-campaign-event-latrobe-pennsylvania,86,he was on the cover of a magazine i will not mention the cover mention the magazine he was on the cover he said i was born to run for president anybody that that is when he was doing well
25230,25230,JoeBiden,2020-01-29,"Joe Biden Campaign Event in Council Bluffs, Iowa",468675-1,https://www.c-span.org/video/?468675-1/joe-biden-campaign-event-council-bluffs-iowa,90,try i mean rand excuse me they try to ukraine got us in a war in iran people got hurt in iraq folks i mean this is something like something out of alice in wonderland one commentator called in and
56117,56117,KamalaHarris,2019-03-22,Harris: Barr Must Testify About Special Counsel Investigation,NA,https://votesmart.org/public-statement/1330875/harris-barr-must-testify-about-special-counsel-investigation&speechType=6,1,we need total transparency here the department of justice launched the special counsel investigation to get to the bottom of foreign interference in the 2016 election and any other illegal actions a declassified report must be made public immediately and
24660,24660,JoeBiden,2019-12-22,"Joe Biden in Perry, Iowa",467527-1,https://www.c-span.org/video/?467527-1/joe-biden-perry-iowa,74,a black man as a public defender after parts of my city had been turned to the ground parts of it i was witting for black men to come 27 miles from philadelphia i was waiting for a black man
29961,29961,JoeBiden,2020-10-06,"Joe Biden Remarks in Gettysburg, Pennsylvania",476667-1,https://www.c-span.org/video/?476667-1/joe-biden-remarks-gettysburg-pennsylvania,57,the work we are in two find the nation's wounds now we have our work to reunite america to bind up our nation's wounds so we you and i together can press on even now after hearing the second inaugural
31948,31948,JoeBiden,2020-11-02,Joe Biden Drive-In Rally in Pittsburgh with Lady Gaga,477700-1,https://www.c-span.org/video/?477700-1/joe-biden-drive-rally-pittsburgh-lady-gaga,1,tomorrow is election day november 3 stay with us to learn who the voters select and which parties will control congress coverage of election night starts 9 00 p.m eastern and continues through the washington journal at 7 00 a.m
4293,4293,DonaldTrump,2019-11-26,"President Trump Rally in Sunrise, Florida",466539-1,https://www.c-span.org/video/?466539-1/president-trump-rally-sunrise-florida,151,and put every single senior citizen at risk republicans will always safeguard medicare for our cherished seniors always we will strongly protect patients with pre existing conditions and we will protect your pre existing physicians which the democrats are not
29823,29823,JoeBiden,2020-09-27,Joe Biden Remarks on President Trump's Supreme Court Nomination,476319-1,https://www.c-span.org/video/?476319-1/joe-biden-remarks-president-trumps-supreme-court-nomination,41,before us if i were to say yes or no to that that becomes a big issue that is the headline i am focused on one thing right now and i really mean it i'm focused on making sure the
33556,33556,KamalaHarris,2020-08-12,Joe Biden Introduction of Senator Kamala Harris as Running Mate,474731-1,https://www.c-span.org/video/?474731-1/joe-biden-introduction-senator-kamala-harris-running-mate,9,the united states of america and that's senator kamala harris it seems that americans all across this nation at least at the outset here agree with me yesterday we had our best grassroots fundraising day of the campaign more than
32781,32781,KamalaHarris,2019-07-14,"Senator Kamala Harris in Gilford, New Hampshire",462455-1,https://www.c-span.org/video/?462455-1/senator-kamala-harris-gilford-hampshire,87,american student who was tortured and later died prefers to take the word of the north korean dictator over the word of the american intelligence community on the subject of a journalist who was assassinated a journalist who had american
34619,34619,KamalaHarris,2020-10-30,"Senator Kamala Harris Campaigns in Houston, Texas",477548-1,https://www.c-span.org/video/?477548-1/senator-kamala-harris-campaigns-houston-texas,22,boy bill barr are in the united states supreme court suing to get rid of obamacare the affordable care act brought to us by president obama and vice president biden that brought health care to 20 million people who did
43577,43577,KamalaHarris,2019-08-29,Kamala’s Commitment to Full Inclusion and Civil Rights for People with Disabilities,NA,https://kamalaharris.medium.com/kamalas-commitment-to-full-inclusion-and-civil-rights-for-people-with-disabilities-7cfd8adb512?source=user_profile---------28----------------------------,3,must expand economic opportunity and security for people with disabilities in 2018 the unemployment rate for workers with disabilities was more than twice that for workers without disabilities only 32 percent of people with disabilities who are working age are
29967,29967,JoeBiden,2020-10-06,"Joe Biden Remarks in Gettysburg, Pennsylvania",476667-1,https://www.c-span.org/video/?476667-1/joe-biden-remarks-gettysburg-pennsylvania,63,how many obstacles are thrown in our way because once america votes america will be heard lincoln said the nation is worth fighting for so it was and so it is together as one nation under god indivisible let's join
57409,57409,MikePence,2019-03-24,Statement from Vice President Mike Pence,NA,https://votesmart.org/public-statement/1330322/statement-from-vice-president-mike-pence&speechType=6,1,today is a great day for america president trump and our entire administration after two years of investigation and reckless accusations by many democrats and members of the media the special counsel has confirmed what president trump said along there
60190,60190,MikePence,2019-09-17,Remarks by Vice President Pence on the United States-Mexico-Canada Agreement,NA,https://votesmart.org/public-statement/1370599/remarks-by-vice-president-pence-on-the-united-states-mexico-canada-agreement&speechType=1,62,of the tremendous progress that we've made but i'm also here today to talk about a great opportunity an opportunity before us to build on the momentum that we've seen in this economy i'm here today to call on the
2624,2624,DonaldTrump,2019-10-10,President Trump Campaign Rally in Minneapolis,464823-1,https://www.c-span.org/video/?464823-1/president-trump-campaign-rally-minneapolis,152,going crazy two reporters that hate my guts they looked at themselves look at each other famous shot they are looking like this and say and what the hell is going on they knew they knew and i did not
380,380,DonaldTrump,2019-03-28,"President Trump Rally in Grand Rapids, Michigan",458863-1,https://www.c-span.org/video/?458863-1/president-trump-rally-grand-rapids-michigan,177,that i was going to do it but who was going to believe me now i have done more than i ever promised i was going to do so the debates should be very easy applause thank you i will
43370,43370,KamalaHarris,2019-01-27,For The People,NA,https://kamalaharris.medium.com/for-the-people-945dce594267?source=user_profile---------50----------------------------,9,people of this country not their own self interests together we will put forth a vision of the future of our country in which everyone can see themselves and i believe ours is a winning fight.this won't be easy but
48831,48831,DonaldTrump,2020-01-24,Remarks by President Trump to the Nation's Mayors on Transforming America's Communities,NA,https://votesmart.org/public-statement/1396691/remarks-by-president-trump-to-the-nations-mayors-on-transforming-americas-communities&speechType=1,24,get it done we got it done criminal justice reform and that's something we're very proud of it's really working fantastically well as a lot of you as a lot of you know applause before my election violent crime was
59891,59891,MikePence,2019-08-28,"Remarks by Vice President Pence at the 101st American Legion National Convention | Indianapolis, IN",NA,https://votesmart.org/public-statement/1366728/remarks-by-vice-president-pence-at-the-101st-american-legion-national-convention-indianapolis-in&speechType=1,19,or that american legion oratorical contest you know i just did an interview with the magazine and i i feel i owe a debt of gratitude to the american legion because it was in that american legion oratorical contest that
34282,34282,KamalaHarris,2020-10-23,Senator Kamala Harris Campaigns in Atlanta,477306-1,https://www.c-span.org/video/?477306-1/senator-kamala-harris-campaigns-atlanta,80,music music music eleven days left until election day on november 30 when voters decided it will go to congress and occupy the white house next year it was cspan what campaign 2020 coverage every day on c span on
39673,39673,MikePence,2020-12-10,Vice President Pence Campaigns for Georgia Republican Senators Perdue and Loeffler,507192-1,https://www.c-span.org/video/?507192-1/vice-president-pence-campaigns-georgia-republican-senators-perdue-loeffler,77,the line on january five will you do it oh right mhm hold my hold mm all right oh i'll tell you i have no doubt you will i really do but i want to challenge you right after you
33857,33857,KamalaHarris,2020-09-22,Kamala Harris Campaigns in Detroit,476077-1,https://www.c-span.org/video/?476077-1/kamala-harris-campaigns-detroit,92,in court trying to get rid of the affordable care act check that out in the midst of a moment that requires that people who are gravely sick have medical care and access to care without being burdened with worrying
39849,39849,MikePence,2020-12-17,Vice President Pence Campaigns for Senators Perdue and Loeffler,507397-1,https://www.c-span.org/video/?507397-1/vice-president-pence-campaigns-senators-perdue-loeffler,86,by mail or make your plans to be there on january 5 i'm told you can actually request an absentee ballot today if you need information you can just go online georgiavotinginfo.gov will give you everything you need you can
9792,9792,DonaldTrump,2020-09-10,"President Trump Remarks in Freeland, Michigan",475644-1,https://www.c-span.org/video/?475644-1/president-trump-remarks-freeland-michigan,167,invested 2.5 trillion in the u.s military all made in the usa by the way applause you know with the fake news today i said we have systems and missiles and rockets and military we have systems that you have
61821,61821,MikePence,2020-06-25,Remarks by Vice President Pence on Opening Up America Again,NA,https://votesmart.org/public-statement/1439033/remarks-by-vice-president-pence-on-opening-up-america-again&speechType=6,19,america and 40 percent of automotive parts must be made by workers making an average hourly wage essentially the average hourly wage in the united states that's how we're doing it folks that's how we have taken the incentive that
57685,57685,MikePence,2019-03-28,Remarks by Vice President Pence to Students at Ave Maria University,NA,https://votesmart.org/public-statement/1332229/remarks-by-vice-president-pence-to-students-at-ave-maria-university&speechType=1,101,talent genius will not unrewarded genius is almost a proverb education will not the world is full of educated derelicts persistence and determination alone are omnipotent the slogan press on has solved and always will solve the problems of the
23921,23921,JoeBiden,2019-10-23,"Joe Biden in Scranton, Pennsylvania",465578-1,https://www.c-span.org/video/?465578-1/joe-biden-scranton-pennsylvania,167,all through that part of the world where the kurds are i spent a lot of time in turkey significant manner time in a rack in that whole area syria what have we just done have you found a single
39224,39224,MikePence,2020-11-02,"President Trump and Vice President Pence Speak at Campaign Rally in Traverse City, Michigan",477685-1,https://www.c-span.org/video/?477685-1/president-trump-vice-president-pence-speak-campaign-rally-traverse-city-michigan,55,looting that we saw in philadelphia this week the truth is joe biden would double down on the policies that are leading the violence in our cities now joe biden says that america is in his words systemically racist he
36887,36887,MikePence,2019-11-08,"President Trump Remarks at ""Black Voices for Trump"" Rally",466133-1,https://www.c-span.org/video/?466133-1/president-trump-remarks-black-voices-trump-rally,65,a lesson from the real racists were people say because of your skin color you have to think a certain way those are the real racists the president believes that a rising tides rising tide lifts all the media likes
46293,46293,DonaldTrump,2019-01-19,Remarks by President Trump on the Humanitarian Crisis on our Southern Border and the Shutdown,NA,https://votesmart.org/public-statement/1317270/remarks-by-president-trump-on-the-humanitarian-crisis-on-our-southern-border-and-the-shutdown&speechType=6,6,requires urgent action thousands of children are being exploited by ruthless coyotes and vicious cartels and gangs one in three women is sexually assaulted on the dangerous journey north in fact many loving mothers give their young daughters birth control
32727,32727,KamalaHarris,2019-07-14,"Senator Kamala Harris in Gilford, New Hampshire",462455-1,https://www.c-span.org/video/?462455-1/senator-kamala-harris-gilford-hampshire,33,turn the page let's write that next chapter and let's write that next chapter based on the america we believe in and america where unlike today where almost half of families are a 400 dollar unexpected expense away from complete
56177,56177,KamalaHarris,2019-10-08,"After Senate Intelligence Committee Releases Second Volume of Bipartisan Russia Report, Harris Warns of Further Ef ...",NA,https://votesmart.org/public-statement/1376048/after-senate-intelligence-committee-releases-second-volume-of-bipartisan-russia-report-harris-warns-of-further-efforts-to-suppress-black-voters&speechType=6,1,today's bipartisan report of the senate intelligence committee makes clear that russia deployed information warfare to sway the 2016 elections and exploited american social media networks to do it and that their disinformation campaign ramped up after election day 2016
34053,34053,KamalaHarris,2020-10-08,Joe Biden and Senator Harris Campaign in Arizona,476759-1,https://www.c-span.org/video/?476759-1/joe-biden-senator-harris-campaign-arizona,53,she is working hard to keep the other one afloat we are going to be visiting it later this afternoon it isn't easy the loan they were able to secure back in the spring because of legislation passed by democrats
61342,61342,MikePence,2020-02-14,Remarks by Vice President Pence at the National Association of Manufacturers Winter 2020 Board of Directors Meeting,NA,https://votesmart.org/public-statement/1401605/remarks-by-vice-president-pence-at-the-national-association-of-manufacturers-winter-2020-board-of-directors-meeting&speechType=1,59,we were sitting out on the beach had sunglasses on ball caps thought we were incognito right laughter except that the local newspaper all you know had told that we were on the island we love going there been going
21500,21500,DonaldTrump,2021-01-04,President Trump Remarks at Georgia U.S. Senate Campaign Event,507634-1,https://www.c-span.org/video/?507634-1/president-trump-remarks-georgia-us-senate-campaign-event,34,you know what raphael warnock stands for it really should be easy deciding votes to rubberstamp the agenda of aoc and bernie sanders crazy bernie stacey abrams what's with this stacey abrams your governor and your secretary of state they
11575,11575,DonaldTrump,2020-09-21,"President Trump Campaign Remarks Near Dayton, Ohio",475976-1,https://www.c-span.org/video/?475976-1/president-trump-campaign-remarks-dayton-ohio,39,at the same time let's also going right now to north korea hey do you remember north korea we're supposed to be at war with north korea what happened you know what the press said they said it's amazing first
53433,53433,JoeBiden,2020-07-26,Statement from Joe Biden on The 30 Th Anniversary of The Americans with Disabilities Act,NA,https://votesmart.org/public-statement/1461565/statement-from-joe-biden-on-the-30-th-anniversary-of-the-americans-with-disabilities-act&speechType=6,11,middle class to fighting climate change to achieving universal health coverage will be created with the full inclusion and dignity of americans with disabilities in mind as we seek to recover from a devastating public health crisis that is disproportionately
17689,17689,DonaldTrump,2020-10-26,"President Trump Campaigns in Martinsburg, Pennsylvania",477339-1,https://www.c-span.org/video/?477339-1/president-trump-campaigns-martinsburg-pennsylvania,3,ago it was a love fest right from the beginning and now it is more so than it was eight years ago and they are going to be finding that out very soon i have the ratings right on me
40144,40144,MikePence,2021-01-04,Vice President Pence Remarks at Georgia Senate Campaign Event,507700-1,https://www.c-span.org/video/?507700-1/vice-president-pence-remarks-georgia-senate-campaign-event,39,georgia later today and i heard joe biden is going to hold a little rally of his own laughter joe biden was in georgia you may have heard about it he actually said that georgia these are his words georgia
31320,31320,JoeBiden,2020-10-30,"Joe Biden Campaign Event in St. Paul, Minnesota",477539-1,https://www.c-span.org/video/?477539-1/joe-biden-campaign-event-st-paul-minnesota,112,premiums or deny you coverage and we will again be able to be charged more for the same health care just because they are a woman donald trump thinks health care is a privilege i think it is your right
39117,39117,MikePence,2020-08-13,"Vice President Pence Meets with Farmers in Des Moines, Iowa",474638-1,https://www.c-span.org/video/?474638-1/vice-president-pence-meets-farmers-des-moines-iowa,154,work together in delaware for a briefing on the coronavirus pandemic from public health experts they talked to reporters just before the briefing
43848,43848,KamalaHarris,2020-08-20,Kamala Harris Accepts Vice-Presidential Nomination,NA,https://kamalaharris.medium.com/kamala-harris-accepts-vice-presidential-nomination-c9b1b6bc00ff?source=user_profile---------12----------------------------,16,by the words i spoke from the first time i stood in a courtroom kamala harris for the people.i've fought for children and survivors of sexual assault i've fought against transnational gangs i took on the biggest banks and helped
18696,18696,DonaldTrump,2020-10-28,"President Trump Campaign Rally in Bullhead City, Arizona",477458-1,https://www.c-span.org/video/?477458-1/president-trump-campaign-rally-bullhead-city-arizona,5,didn't work out too well it is unbelievable how dishonest the media is they say it because they are they are very dishonest a vote for me is a vote for massive middle class tax cuts regulation cuts fair trade
31909,31909,JoeBiden,2020-11-02,John Legend and Senator Kamala Harris at Biden Campaign Rally in Philadelphia,477692-1,https://www.c-span.org/video/?477692-1/john-legend-senator-kamala-harris-biden-campaign-rally-philadelphia,59,know music music hello pennsylvania are you ready applause joe is here you are here we are here applause and we are here to bring this election home but we've got one more day that is it one more day
59593,59593,MikePence,2019-08-06,"Remarks by Vice President Pence to Alliance Defending Freedom | Arlington, VA",NA,https://votesmart.org/public-statement/1364137/remarks-by-vice-president-pence-to-alliance-defending-freedom-arlington-va&speechType=1,10,social media companies to develop new tools to identify those seeking to do harm before they strike and the president called for all of us to work together to end the glorification of violence in our society and to reform
34844,34844,KamalaHarris,2020-10-30,"Senator Kamala Harris Speaks at Biden Campaign Event in McAllen, Texas",477546-1,https://www.c-span.org/video/?477546-1/senator-kamala-harris-speaks-biden-campaign-event-mcallen-texas,57,way that we deal with the science we build up an infrastructural create millions of jobs and we do it in a way that is about equitable outcomes and we build back better on the other hand you have donald
36893,36893,MikePence,2019-11-08,"President Trump Remarks at ""Black Voices for Trump"" Rally",466133-1,https://www.c-span.org/video/?466133-1/president-trump-remarks-black-voices-trump-rally,71,african americans for trump call it whatever you want what do you prefer we are doing well we have our best employment numbers the support we are getting from the african american community has been overwhelming and i want to
21458,21458,DonaldTrump,2020-12-05,President Trump Campaigns for U.S. Senate Runoffs in Georgia,506972-1,https://www.c-span.org/video/?506972-1/president-trump-campaigns-us-senate-runoffs-georgia,283,we will preserve peace through strength we will protect social security and medicare and we will always protect patients with pre existing conditions we will stop the radical indoctrination of our students and children and restore patriotic education to our
56971,56971,MikePence,2019-03-05,Remarks by Vice President Pence at the National Association of Manufacturers Board of Directors Meeting,NA,https://votesmart.org/public-statement/1327183/remarks-by-vice-president-pence-at-the-national-association-of-manufacturers-board-of-directors-meeting&speechType=1,134,local interview talking to your employees or speaking at a local rotary club makes the difference all across this country and we encourage you to let your voice be heard and i truly do believe that with your continued support
4358,4358,DonaldTrump,2019-12-10,"President Trump Campaign Event in Hershey, Pennsylvania",467217-1,https://www.c-span.org/video/?467217-1/president-trump-campaign-event-hershey-pennsylvania,23,and you have some honest publications but not too many of them i have to be honest with you the legislators will you know that does anybody think the medias honest does anybody think they are totally corrupt and dishonest
39369,39369,MikePence,2020-11-20,Vice President Pence Remarks at Campaign Rally for Senators David Perdue and Kelly Loeffler,478205-1,https://www.c-span.org/video/?478205-1/vice-president-pence-remarks-campaign-rally-senators-david-perdue-kelly-loeffler,86,legal vote is counted and tell them why we need these two senators back in the stakes in this election are just that high you know i'll always believe that the most powerful media in this country is not your
44947,44947,DonaldTrump,2020-04-23,Task Force Briefing on the Coronavirus Pandemic,The White House,https://millercenter.org/the-presidency/presidential-speeches/april-23-2020-task-force-briefing-coronavirus-pandemic,25,governor with an exhaustive count by county breakdown of the privately distributed personal protection and this is equipment and things that are incredible it's personal protective equipment it's incredible and it's all brand new and at the highest level we're
27576,27576,JoeBiden,2020-07-03,Joe Biden at National Education Association Virtual Assembly,473347-1,https://www.c-span.org/video/?473347-1/joe-biden-national-education-association-virtual-assembly,34,you may now ask your question to vice president biden turquoise hello president lily and vice president biden my name is turquoise legume parker i'm a media coordinator but self given title is racial and social justice teacher this upcoming
56342,56342,KamalaHarris,2020-02-05,"Harris: ""The Senate Trial of Donald Trump Has Been a Miscarriage of Justice""",NA,https://votesmart.org/public-statement/1405384/harris-the-senate-trial-of-donald-trump-has-been-a-miscarriage-of-justice&speechType=6,21,this country lies not with them but with just a few people who advance their own interests at the expense of others needs for many the injustice in this trial is yet another example of the way that our system
18560,18560,DonaldTrump,2020-10-28,"President Trump Campaign Rally in Goodyear, Arizona",477460-1,https://www.c-span.org/video/?477460-1/president-trump-campaign-rally-goodyear-arizona,81,nice go the people that you guys are looking at right now the whole thing was just one more giant hoax from the washington swamp and a corrupt special interest group i'll tell you what this guy in my opinion
26444,26444,JoeBiden,2020-03-02,"Joe Biden Campaign Event in Houston, Texas",469899-1,https://www.c-span.org/video/?469899-1/joe-biden-campaign-event-houston-texas,96,live in this remarkable country of ours and they're the reason they're the reason i'm in this race you're the reason new york times this race people like you that have fought here today all around the country to deal
34659,34659,KamalaHarris,2020-10-30,"Senator Kamala Harris Campaigns in Houston, Texas",477548-1,https://www.c-span.org/video/?477548-1/senator-kamala-harris-campaigns-houston-texas,62,have donald trump who when interviewed by a journalist about what was going on with the wildfires in california the journalist asked something like these wildfires are raging the scientists are saying this and that that human behavior is contributing
35307,35307,KamalaHarris,2020-11-02,John Legend and Senator Kamala Harris at Biden Campaign Rally in Philadelphia,477692-1,https://www.c-span.org/video/?477692-1/john-legend-senator-kamala-harris-biden-campaign-rally-philadelphia,50,harris but we also need to make sure that we have every other role player that is elected by us to be a part of that winning team so i don't want you to forget we do need our stars
29487,29487,JoeBiden,2020-09-21,Joe Biden Campaign Remarks in Wisconsin,476047-1,https://www.c-span.org/video/?476047-1/joe-biden-campaign-remarks-wisconsin,31,loves his rallies the next time he holds one look closely he keeps his distance from anyone in the rally those who come are tight as can be risking disease but not trump he keeps his distance a reporter tried
43963,43963,KamalaHarris,2020-09-28,Justice Ruth Bader Ginsburg and the future of the Supreme Court,NA,https://kamalaharris.medium.com/justice-ruth-bader-ginsburg-and-the-future-of-the-supreme-court-89aadc32fbb9?source=user_profile---------10----------------------------,26,upheld the affordable care act.as recently as 2017 she specifically attacked the chief justice's opinion in an article saying quote chief justice roberts pushed the affordable care act beyond its plausible meaning to save the statute if nothing else the
30654,30654,JoeBiden,2020-10-16,Joe Biden Remarks in Michigan on Health Care,477057-1,https://www.c-span.org/video/?477057-1/joe-biden-remarks-michigan-health-care,50,food pantries americans banned from traveling to other countries and the covid numbers keep going up it's still getting worse there is good news there is a credibly decent man running for president of the united states who is fighting
12348,12348,DonaldTrump,2020-09-24,"President Trump Campaign Rally in Jacksonville, Florida",476079-1,https://www.c-span.org/video/?476079-1/president-trump-campaign-rally-jacksonville-florida,113,guys are used to looking at killers and drug dealers we said explained to us what are we looking for this was the greatest hoax today you see what happened they caught him they got him cold we will talk
31366,31366,JoeBiden,2020-10-31,"Joe Biden and Former President Obama Campaign in Flint, Michigan",477558-1,https://www.c-span.org/video/?477558-1/joe-biden-president-obama-campaign-flint-michigan,20,this country we saw him do it when barack obama was president we cannot allow him to stay which is why we must win it is why we must win here in michigan i have good news for you we
60579,60579,MikePence,2019-10-21,"Remarks by Vice President Pence on the United States-Mexico-Canada Agreement | Duryea, PA",NA,https://votesmart.org/public-statement/1377790/remarks-by-vice-president-pence-on-the-united-states-mexico-canada-agreement-duryea-pa&speechType=1,26,placed in this president back in 2016 you know when i think of the last three years i think there's only one way you can describe it it's been three years of action three years of results it's been three
54225,54225,JoeBiden,2020-10-21,President Trump's Visit to North Carolina -- Statement by Vice President Joe Biden,NA,https://votesmart.org/public-statement/1477077/president-trumps-visit-to-north-carolina-statement-by-vice-president-joe-biden&speechType=6,2,public health experts continuing to spread deadly misinformation about the virus and holding rallies that fly in the face of north carolina's covid 19 guidelines president trump isn't focused on caring for working families in north carolina who cannot make
52466,52466,DonaldTrump,2020-11-05,Remarks by President Trump on the Election,NA,https://votesmart.org/public-statement/1481079/remarks-by-president-trump-on-the-election&speechType=1,42,by election day to the best of my knowledge votes should be in by election day and they didn't do that democrat officials never believed they could win this election honestly i really believe that that's why they did the
47597,47597,DonaldTrump,2019-06-06,Remarks by President Trump Before Air Force One Departure,NA,https://votesmart.org/public-statement/1348858/remarks-by-president-trump-before-air-force-one-departure&speechType=1,3,yesterday but we have to make a lot of progress mexico has been making for many many years hundreds of mill of billions of dollars they've been making an absolute fortune on the united states they have to step up
30108,30108,JoeBiden,2020-10-09,Joe Biden Campaign Event in Las Vegas,476748-1,https://www.c-span.org/video/?476748-1/joe-biden-campaign-event-las-vegas,32,there will be no money for social security and the relentless effort to eliminate the of portable care act which provides health care coverage for 22 million people 20 billion people 100 million with pre existing conditions he has already
13489,13489,DonaldTrump,2020-10-12,"President Trump Hosts Rally in Sanford, Florida",476867-1,https://www.c-span.org/video/?476867-1/president-trump-hosts-rally-sanford-florida,180,the story i told my wife we are going to have a great time for we are going to watch television but i just got nominated for the nobel prize cheering and then i turned on the fake news story
49841,49841,DonaldTrump,2020-03-11,Remarks by President Trump in Address to the Nation,NA,https://votesmart.org/public-statement/1408226/remarks-by-president-trump-in-address-to-the-nation&speechType=1,17,with communities with the largest outbreaks and we have issued guidance on school closures social distancing and reducing large gatherings smart action today will prevent the spread of the virus tomorrow every community faces different risks and it is critical
34338,34338,KamalaHarris,2020-10-27,"Senator Kamala Harris Campaigns in Reno, Nevada",477414-1,https://www.c-span.org/video/?477414-1/senator-kamala-harris-campaigns-reno-nevada,15,doing a lot of interviews as you can imagine and people say what do you think is going to happen the day after the election i said look here is what i truly believe we have taken a battering there
4011,4011,DonaldTrump,2019-11-14,"President Trump Campaign Rally in Bossier City, Louisiana",466321-1,https://www.c-span.org/video/?466321-1/president-trump-campaign-rally-bossier-city-louisiana,53,withholding 1 billion in aid money to ukraine until ukraine fires the prosecutors gets rid of the prosecutor that has been going after his son and his son's company in ukraine his son got millions of dollars from a company
39978,39978,MikePence,2020-12-18,Vice President Pence Remarks on Space Force Anniversary,507424-1,https://www.c-span.org/video/?507424-1/vice-president-pence-remarks-space-force-anniversary,105,ere to day that this time with bip artisan s upport in just 1.5 years the unit ed states space for ce was born and sin ce that historic mo ment th e united states space force has only grown
34111,34111,KamalaHarris,2020-10-19,"Senator Kamala Harris Speaks at Biden Campaign Event in Jacksonville, Florida",477126-1,https://www.c-span.org/video/?477126-1/senator-kamala-harris-speaks-biden-campaign-event-jacksonville-florida,7,today and let's remind everybody to vote early today and sunday november 1 are going to have an impact with people you never meet people who will never hear your names because you voted with your voice and the power
57068,57068,MikePence,2019-03-06,Remarks by Vice President Pence at The Latino Coalition Legislative Summit,NA,https://votesmart.org/public-statement/1327172/remarks-by-vice-president-pence-at-the-latino-coalition-legislative-summit&speechType=1,57,rocketed to new high in february and the wall street journal's headline record immigration surge at the border it's just like the president and i have been saying we have a crisis at our southern border and the time has
41125,41125,JoeBiden,2020-01-07,Joe Biden’s Remarks on the Unfolding Situation with Iran,NA,https://medium.com/@JoeBiden/joe-bidens-remarks-on-the-unfolding-situation-with-iran-2505cc1a280b?source=user_profile---------132----------------------------,4,have not heard a sober minded explanation to reassure the american people about his decision and its consequences not level headed words meant to dial down tensions and take us off the path of conflict.no press conference or consultation with
58877,58877,MikePence,2019-05-20,Remarks by Vice President Pence at America First Policies Event USMCA: A Better Deal for American Workers,NA,https://votesmart.org/public-statement/1343773/remarks-by-vice-president-pence-at-america-first-policies-event-usmca-a-better-deal-for-american-workers&speechType=1,59,farmers to compete in this hemisphere on a level playing field the usmca actually is going to end programs in canada that allow low priced products to undercut american dairy.the agreement is going to ensure that product grading is fair
58345,58345,MikePence,2019-05-03,Remarks by Vice President Pence to Hallway Feeds Employees,NA,https://votesmart.org/public-statement/1340747/remarks-by-vice-president-pence-to-hallway-feeds-employees&speechType=1,36,in south america we've begun discussions with the european union and japan for new free trade deals of course you're all watching the headlines about our negotiations with china our team just arrived back yesterday we're working to expand the
41636,41636,JoeBiden,2020-04-23,Statement by Vice President Joe Biden on Ramadan,NA,https://medium.com/@JoeBiden/statement-by-vice-president-joe-biden-on-ramadan-2e1bc3700629?source=user_profile---------100----------------------------,6,and honoring the lives of all those who have been lost perhaps most remarkably despite the physical challenges that can come with fasting muslims will keep doing what they have been doing before and during this pandemic leading on the
54833,54833,JoeBiden,2020-12-14,Remarks as Prepared for Delivery by President-elect Joe Biden on the Electoral College Vote Certification in Wilmi ...,NA,https://votesmart.org/public-statement/1490763/remarks-as-prepared-for-delivery-by-president-elect-joe-biden-on-the-electoral-college-vote-certification-in-wilmington-delaware&speechType=1,22,went to recounts all of the counts were confirmed the results in georgia were counted three times it did not change the outcome the recount conducted in wisconsin actually saw our margin grow the margin we had in michigan was
53795,53795,JoeBiden,2020-09-04,Statement by Vice President Biden on The Atlantic Article,NA,https://votesmart.org/public-statement/1463997/statement-by-vice-president-biden-on-the-atlantic-article&speechType=6,1,if the revelations in today's atlantic article are true then they are yet another marker of how deeply president trump and i disagree about the role of the president of the united states i have long said that as a
62421,62421,MikePence,2020-11-13,Remarks by Vice President Pence at Young America's Foundation's Fall College Retreat and President's Club Weekend  ...,NA,https://votesmart.org/public-statement/1484113/remarks-by-vice-president-pence-at-young-americas-foundations-fall-college-retreat-and-presidents-club-weekend-event&speechType=1,76,bed has ever been denied an icu bed we've sped medicines to the marketplace including last week from a great indiana company that are literally saving lives every day and you all saw the news pfizer and very soon another
31087,31087,JoeBiden,2020-10-27,"Joe Biden Remarks in Warm Springs, Georgia",477413-1,https://www.c-span.org/video/?477413-1/joe-biden-remarks-warm-springs-georgia,62,phony populism that appeals to quote the most selfish instincts he goes on to say politics is something more noble than posturing marketing and media spin these sew nothing but division conflict and cynicism he says for those who seek
33667,33667,KamalaHarris,2020-08-27,Senator Kamala Harris Remarks on COVID-19 and the Economy,475191-1,https://www.c-span.org/video/?475191-1/senator-kamala-harris-remarks-covid-19-economy,3,in a moment wife coverage on c span live coverage on c span captioning performed by the national captioning institute which is responsible for its caption content and accuracy visit ncicap.org captions copyright national cable satellite corp 2020 good afternoon
34102,34102,KamalaHarris,2020-10-08,Joe Biden and Senator Harris Campaign in Arizona,476759-1,https://www.c-span.org/video/?476759-1/joe-biden-senator-harris-campaign-arizona,102,and putin of russia rather than the president of the united states that has profound security and economic impacts let's not quit folks there is no quitting in america we have never quit and if we need you to stand
58460,58460,MikePence,2019-05-07,Remarks by Vice President Pence at the Washington Conference on the Americas,NA,https://votesmart.org/public-statement/1341893/remarks-by-vice-president-pence-at-the-washington-conference-on-the-americas&speechType=1,6,we believe in democratic ideals including the freedom of expression and the freedom of the press and we welcome the release of these two journalists applause and we hope their release signals a positive and permanent respect for a free
44140,44140,KamalaHarris,2021-01-09,Building an economy that’s stronger and fairer for working people,NA,https://kamalaharris.medium.com/building-an-economy-thats-stronger-and-fairer-for-working-people-3ef9f0693fd6?source=user_profile---------0----------------------------,5,for the first time in their lives about where to go for their next meal.essential workers like the nurses joe and i called over the holidays continue to risk their own health and the health of their families for all
23862,23862,JoeBiden,2019-10-23,"Joe Biden in Scranton, Pennsylvania",465578-1,https://www.c-span.org/video/?465578-1/joe-biden-scranton-pennsylvania,108,child in a neighborhood where the groundwater is polluted because of oil companies polluting it or whether or not the groundwater pipes are put in in are made of wood or were put in in 1960 and are no longer
55787,55787,JoeBiden,2021-01-25,Remarks by President Biden at Signing of Executive Order on Strengthening American Manufacturing,NA,https://votesmart.org/public-statement/1496062/remarks-by-president-biden-at-signing-of-executive-order-on-strengthening-american-manufacturing&speechType=1,20,going to be doing under the build back better recovery plan we'll invest hundreds of billions of dollars in buying american products and materials to modernize our infrastructure and our competitive strength will increase in a competitive world that means
31801,31801,JoeBiden,2020-11-02,Joe Biden Remarks Canvas Kick Off Event Near Pittsburgh,477703-1,https://www.c-span.org/video/?477703-1/joe-biden-remarks-canvas-kick-event-pittsburgh,3,ironworkers endorsed me early on when i ran for the senate as a kid i guy named tommy schrank i used to walk in all the time and say anybody crazy enough to walk up 16 stories on a beemer
13110,13110,DonaldTrump,2020-09-26,"President Trump Rally in Middletown, Pennsylvania",476135-1,https://www.c-span.org/video/?476135-1/president-trump-rally-middletown-pennsylvania,222,harrisburg and from allentown to middletown we stand on the shoulders of the american patriots who gave blood sweat and tears for this beloved nation this is an incredible place come all the history so much history in pennsylvania this
39215,39215,MikePence,2020-11-02,"President Trump and Vice President Pence Speak at Campaign Rally in Traverse City, Michigan",477685-1,https://www.c-span.org/video/?477685-1/president-trump-vice-president-pence-speak-campaign-rally-traverse-city-michigan,46,she deserved to know when joe biden was vice president we went through years of reckless budget cuts didn't we john mean that hollowed out our military readiness and over the last few days i read where democrats in washington
56294,56294,KamalaHarris,2020-01-15,Harris Calls For Judicial Nominations To Stop During Senate Consideration of Impeachment,NA,https://votesmart.org/public-statement/1404710/harris-calls-for-judicial-nominations-to-stop-during-senate-consideration-of-impeachment&speechType=6,2,take seriously its constitutional role in this process during the time when articles of impeachment are before the senate it would be wholly inappropriate to advance the president's nominees to the federal judiciary
34537,34537,KamalaHarris,2020-10-28,"Senator Harris Biden Campaign Event in Phoenix, Arizona",477474-1,https://www.c-span.org/video/?477474-1/senator-harris-biden-campaign-event-phoenix-arizona,42,"we know that the path thio intergenerational wealth with so many families includes homeownership so first time home buyers will get a 15,000 tax credit for a down payment and closing costs that's how joe thinks about the economy on"
60598,60598,MikePence,2019-10-21,"Remarks by Vice President Pence on the United States-Mexico-Canada Agreement | Duryea, PA",NA,https://votesmart.org/public-statement/1377790/remarks-by-vice-president-pence-on-the-united-states-mexico-canada-agreement-duryea-pa&speechType=1,45,across the street it's a company that makes electric wheelchairs that are used all across america and provide important service and transportation to americans inaudible of need just like schott this company is growing i'm told hiring even more pennsylvanians
13404,13404,DonaldTrump,2020-10-12,"President Trump Hosts Rally in Sanford, Florida",476867-1,https://www.c-span.org/video/?476867-1/president-trump-hosts-rally-sanford-florida,95,now we want to keep our country great our military has equipment the likes of which nobody has ever seen snell's country has ever seen and made in the u.s rockets the likes of which jut fighters bombers the tankers
60823,60823,MikePence,2019-10-24,Remarks by Vice President Pence at the Frederic V. Malek Memorial Lecture,NA,https://votesmart.org/public-statement/1378544/remarks-by-vice-president-pence-at-the-frederic-v-malek-memorial-lecture&speechType=1,66,freest economies in the world with strong independent legal institutions and a lively free press and it's home to hundreds of thousands of foreign residents hong kong is a living example of what can happen when china embraces liberty and
6511,6511,DonaldTrump,2020-02-20,"President Trump Campaign Rally in Colorado Springs, Colorado",469438-1,https://www.c-span.org/video/?469438-1/president-trump-campaign-rally-colorado-springs-colorado,92,you i want to see what you look like i did something for air force i did some but something for all of the academies if you were a great athlete and they had a hard time recruiting you can't
51939,51939,DonaldTrump,2020-10-13,Donald Trump Rally Johnstown,NA,https://votesmart.org/public-statement/1477991/donald-trump-rally-johnstown&speechType=6,45,fake reporter back there said well wait a minute you've been pledging for a year and a half no fracking president trump 12 14 but then what about the healthcare for illegal immigrants who in this group is going to
34221,34221,KamalaHarris,2020-10-23,Senator Kamala Harris Campaigns in Atlanta,477306-1,https://www.c-span.org/video/?477306-1/senator-kamala-harris-campaigns-atlanta,19,to work more than one job to pay their bills and pay the rent and put food on the table and he said on this information and then have the gall had the nerve to say it was a hoax
41740,41740,JoeBiden,2020-05-01,Statement by Vice President Joe Biden,NA,https://medium.com/@JoeBiden/statement-by-vice-president-joe-biden-7a9593bd3012?source=user_profile---------95----------------------------,19,she alleges she filed and make available to the press any such document if there was ever any such complaint the record will be there.as a presidential candidate i'm accountable to the american people we have lived long enough with
26246,26246,JoeBiden,2020-03-02,Joe Biden in Dallas with Senator Amy Klobuchar,469928-1,https://www.c-span.org/video/?469928-1/joe-biden-dallas-senator-amy-klobuchar,61,you unbelievable how great is it to be here in dallas texas cheering and how great it is to be here with my family john and abigail and with vice president joe biden and how wonderful it is to be
58324,58324,MikePence,2019-05-03,Remarks by Vice President Pence to Hallway Feeds Employees,NA,https://votesmart.org/public-statement/1340747/remarks-by-vice-president-pence-to-hallway-feeds-employees&speechType=1,15,"stand before you today i know you already heard about it in the news this morning but it's amazing to think 5.8 million new jobs since election day 263,000 jobs in the month of april alone and the lowest unemployment"
34766,34766,KamalaHarris,2020-10-30,"Senator Kamala Harris Speaks at Biden Campaign Event in Fort Worth, Texas",477547-1,https://www.c-span.org/video/?477547-1/senator-kamala-harris-speaks-biden-campaign-event-fort-worth-texas,80,shouting for a woman's right to vote saying we will not be deterred we will not be left behind now let us remember because we always must speak truth about history that black women couldn't vote until 1965 so we
54098,54098,JoeBiden,2020-10-06,President Trump Canceling Negotiations for Covid-19 Relief -- Statement by Vice President Biden,NA,https://votesmart.org/public-statement/1472308/president-trump-canceling-negotiations-for-covid-19-relief-statement-by-vice-president-biden&speechType=6,4,make sure that the court takes away your health care coverage as quickly as possible he turned his back on the small businesses that are struggling to keep their doors open he turned his back on the firefighters and police
34525,34525,KamalaHarris,2020-10-28,"Senator Harris Biden Campaign Event in Phoenix, Arizona",477474-1,https://www.c-span.org/video/?477474-1/senator-harris-biden-campaign-event-phoenix-arizona,30,with preexisting conditions so that they could not be denied coverage based on a preexisting condition honk if you know somebody who has diabetes honk if you love somebody who has high blood pressure honk if you know some body
4185,4185,DonaldTrump,2019-11-26,"President Trump Rally in Sunrise, Florida",466539-1,https://www.c-span.org/video/?466539-1/president-trump-rally-sunrise-florida,43,things that they have done with the president of the ukraine they've tried to claim that it's an impeachable offense one of the women said this morning i'm voting for trump i happened to read the transcript of his phone
36117,36117,MikePence,2019-07-08,Vice President Pence Remarks to Christians United for Israel Conference,462373-1,https://www.c-span.org/video/?462373-1/vice-president-pence-remarks-christians-united-israel-conference,42,and we have to give it to them in their terms and in their medium which means we have to go on the internet social media and communicate them even the words don't mean the same things anymore the power
55217,55217,JoeBiden,2020-12-29,Statement by President-elect Joe Biden on the 50th Anniversary of the Occupational Safety and Health Act,NA,https://votesmart.org/public-statement/1492304/statement-by-president-elect-joe-biden-on-the-50th-anniversary-of-the-occupational-safety-and-health-act&speechType=6,4,needles and other sharp objects dramatically reducing infection rates of health care workers yet today in the midst of a global pandemic osha has been prevented from using its full range of tools to protect workers from covid 19 the
33984,33984,KamalaHarris,2020-10-02,Senator Kamala Harris Campaign Remarks in Las Vegas,476524-1,https://www.c-span.org/video/?476524-1/senator-kamala-harris-campaign-remarks-las-vegas,43,of all we have been experiencing folks don't let anybody make you feel alone don't let any circumstance make you feel isolated because we are all in this together we are all in this together cars honking but to achieve
38139,38139,MikePence,2020-06-23,Vice President Pence Remarks on Faith in America,473326-1,https://www.c-span.org/video/?473326-1/vice-president-pence-remarks-faith-america,61,took it statewide for families in this state applause thank you governor you know the president and i have long believed that have long believed that every parent should be able to choose where their children go to school regardless
37084,37084,MikePence,2019-11-20,"Vice President Pence Remarks in Green Bay, Wisconsin",466653-1,https://www.c-span.org/video/?466653-1/vice-president-pence-remarks-green-bay-wisconsin,66,bit time on and these 2 big boys came walking by both wearing budweiser shirts man after my own heart and they did one of them stopped and looked at me because a local newspaper it said that we were
31276,31276,JoeBiden,2020-10-30,"Joe Biden Campaign Event in St. Paul, Minnesota",477539-1,https://www.c-span.org/video/?477539-1/joe-biden-campaign-event-st-paul-minnesota,68,honking he will make health care available to more americans than ever before instead of repealing the he will build on it he will add a public option to expand coverage and he will lower prescription drug and other health
15822,15822,DonaldTrump,2020-10-18,President Trump Holds Campaign Rally in Nevada's Capital,477074-1,https://www.c-span.org/video/?477074-1/president-trump-holds-campaign-rally-nevadas-capital,103,don't want anything to do with it and they punished and thank you to the new york post it's unbelievable what they're doing you know it's the fifth or fourth watches newspaper so you call it the mainstream not the
48610,48610,DonaldTrump,2019-12-18,Statement by the President,NA,https://votesmart.org/public-statement/1390541/statement-by-the-president&speechType=6,3,americans of their current coverage i will not let this happen providing affordable high quality healthcare will always be my priority they are trying to take away your healthcare and i am trying to give the american people the best
35580,35580,MikePence,2019-01-17,President Trump Remarks on Missile Defense Review,457050-1,https://www.c-span.org/video/?457050-1/president-trump-remarks-missile-defense-review,3,priority than the safety and security of the american people and it's frankly the greatest honor of my life to serve as vice president to a president who cares so deeply about the men and women of our armed forces
43769,43769,KamalaHarris,2019-12-03,I am suspending my campaign today,NA,https://kamalaharris.medium.com/i-am-suspending-my-campaign-today-6dca8cefb252?source=user_profile---------21----------------------------,2,with integrity i will speak the truth and that's what i have tried to do every day of this campaign so here's the truth today.i've taken stock and looked at this from every angle and over the last few days
34730,34730,KamalaHarris,2020-10-30,"Senator Kamala Harris Speaks at Biden Campaign Event in Fort Worth, Texas",477547-1,https://www.c-span.org/video/?477547-1/senator-kamala-harris-speaks-biden-campaign-event-fort-worth-texas,44,doing he will ask well how's the stock market doing he asks how are rich people doing as one of his first orders of business he passed a tax code benefiting the top 1 and the biggest corporations in america
22629,22629,JoeBiden,2019-06-11,"Joe Biden Campaign Rally in Davenport, Iowa",461636-1,https://www.c-span.org/video/?461636-1/joe-biden-campaign-rally-davenport-iowa,131,and the white house then the fulcrum editor in chief david hocking on the political and legal dispute between the white house and house of representatives of her congressional oversight be sure to watch c span washington journal live at
31027,31027,JoeBiden,2020-10-27,"Joe Biden Remarks in Warm Springs, Georgia",477413-1,https://www.c-span.org/video/?477413-1/joe-biden-remarks-warm-springs-georgia,2,campaign in the battleground state of ohio with cleveland.com lead political reporter seth richardson and lauren copeland watch c span's washington journal live at 7 00 eastern wednesday morning be sure to join the discussion with your phone calls facebook
15731,15731,DonaldTrump,2020-10-18,President Trump Holds Campaign Rally in Nevada's Capital,477074-1,https://www.c-span.org/video/?477074-1/president-trump-holds-campaign-rally-nevadas-capital,12,say it for the fake news by a lot so like i'll give you an example of michigan and michigan we're supposed to be i probably 80 20 with us on the back but we're gonna catch him you know
22935,22935,JoeBiden,2019-07-11,Former Vice President Joe Biden Speech on Foreign Policy,462515-1,https://www.c-span.org/video/?462515-1/vice-president-joe-biden-speech-foreign-policy,5,there's been reference of two important things such as china and russia developing new weapons systems there's been some discussion about the nuclear tried a and the importance i want to drill down on one of the three legs of
56490,56490,MikePence,2019-01-11,Remarks by Vice President Pence Before Meet-and-Greet with U.S. Customs and Border Patrol Employees,NA,https://votesmart.org/public-statement/1315235/remarks-by-vice-president-pence-before-meet-and-greet-with-us-customs-and-border-patrol-employees&speechType=6,48,and it is a long and storied tradition here and i want to assure you that we're going to figure this thing out the president wanted me to communicate to each and every one of you we're going to get
28134,28134,JoeBiden,2020-08-12,Joe Biden Introduction of Senator Kamala Harris as Running Mate,474731-1,https://www.c-span.org/video/?474731-1/joe-biden-introduction-senator-kamala-harris-running-mate,1,i want to mention how when kamala harris was attorney general of california she arrested a reporter who was investigating planned parenthood and she charged him with 15 felonies he's been in the courts fighting this for years for example
27317,27317,JoeBiden,2020-06-25,Joe Biden Roundtable on Health Care,473396-4,https://www.c-span.org/video/?473396-4/joe-biden-roundtable-health-care,37,if they had come with six months left to go and said suffer in peace you have outlived your coverage i don't know what you would have done not just what it does to the patient but to the parents
44060,44060,KamalaHarris,2020-12-03,Our outstanding economic team,NA,https://kamalaharris.medium.com/our-outstanding-economic-team-58113fbade0e?source=user_profile---------6----------------------------,1,mr president elect congratulations on choosing this outstanding economic team.and to our nominees and appointees thank you for your continued service to our nation.this is the team we need to deliver immediate economic relief to the american people to get
59701,59701,MikePence,2019-08-09,"Remarks by Vice President Pence at Operation Coal Country Innovative Readiness Training | Manchester, KY",NA,https://votesmart.org/public-statement/1364780/remarks-by-vice-president-pence-at-operation-coal-country-innovative-readiness-training-manchester-ky&speechType=1,87,have been caught up in drug abuse and addiction and we'll continue to lean into it i promise you that we'll continue to provide kentucky with the resources to support the personnel and the services that can help people find
25221,25221,JoeBiden,2020-01-29,"Joe Biden Campaign Event in Council Bluffs, Iowa",468675-1,https://www.c-span.org/video/?468675-1/joe-biden-campaign-event-council-bluffs-iowa,81,about it i understand it better than anybody i have been the object of their affection for a long time i have been the object of their affection i tell you what man it's just been amazing how much they
49,49,DonaldTrump,2019-01-17,President Trump Remarks on Missile Defense Review,457050-1,https://www.c-span.org/video/?457050-1/president-trump-remarks-missile-defense-review,49,ridiculous and dangerous immigration loopholes that no country in the world has but us the federal government remains shut down because congressional democrats refuse to approve border security we're going to have border security it's going to be tight it's
23588,23588,JoeBiden,2019-10-09,Joe Biden in New Hampshire,465055-1,https://www.c-span.org/video/?465055-1/joe-biden-hampshire,90,ahead of the public good and national security also poses a threat to each and every american in our daily lives he's already threatened the whistleblower and anyone who talks to the whistleblower now additional whistleblowers are coming forward i
58505,58505,MikePence,2019-05-07,Remarks by Vice President Pence at the Washington Conference on the Americas,NA,https://votesmart.org/public-statement/1341893/remarks-by-vice-president-pence-at-the-washington-conference-on-the-americas&speechType=1,51,months ago the inter american development bank voted to seat president guaid s representative last month the g7 foreign ministers issued a statement saying the may 2018 presidential election lacked legitimacy and called on the maduro regime in their words
6651,6651,DonaldTrump,2020-02-20,"President Trump Campaign Rally in Colorado Springs, Colorado",469438-1,https://www.c-span.org/video/?469438-1/president-trump-campaign-rally-colorado-springs-colorado,232,has anybody heard of a place called fort carson another place peterson air force base you know that another place the air force academy you know that and shreve are air force base was that right that's a tricky one
28191,28191,JoeBiden,2020-08-12,Joe Biden Introduction of Senator Kamala Harris as Running Mate,474731-1,https://www.c-span.org/video/?474731-1/joe-biden-introduction-senator-kamala-harris-running-mate,58,speak to them my campaign has always been a family affair every campaign i have run so i have got some news for you you are all honorary bidens here is the best part you have been an honorary bidens
39870,39870,MikePence,2020-12-17,Vice President Pence Campaigns for Senators Perdue and Loeffler,507397-1,https://www.c-span.org/video/?507397-1/vice-president-pence-campaigns-senators-perdue-loeffler,107,by the national captioning institute which is responsible for its caption content and accuracy visit ncicap.org captions copyright national cable satellite corp 2020 music music stay with c span for our continuing coverage of the transition of power as president
6716,6716,DonaldTrump,2020-02-21,President Trump Campaign Rally in Las Vegas,469439-1,https://www.c-span.org/video/?469439-1/president-trump-campaign-rally-las-vegas,45,that is a lot of money i said no i'm going to run for president and i did that people that did not have good ratings if you have good ratings you can treat them like garbage and if you
34810,34810,KamalaHarris,2020-10-30,"Senator Kamala Harris Speaks at Biden Campaign Event in McAllen, Texas",477546-1,https://www.c-span.org/video/?477546-1/senator-kamala-harris-speaks-biden-campaign-event-mcallen-texas,23,push through the affordable care act joe biden who was saying we will expand health coverage we will bring down the cost of premiums we will bring down the cost of prescription drugs we will lower medicare eligibility thio age
34529,34529,KamalaHarris,2020-10-28,"Senator Harris Biden Campaign Event in Phoenix, Arizona",477474-1,https://www.c-span.org/video/?477474-1/senator-harris-biden-campaign-event-phoenix-arizona,34,need to bring down medicare eligibility to age 60 let's expand coverage in terms of bringing down the cost of prescription drugs bringing down the cost of premiums let's expand coverage understanding when we're talking about health care the body
33888,33888,KamalaHarris,2020-09-28,Senator Kamala Harris Remarks on the Supreme Court,476306-1,https://www.c-span.org/video/?476306-1/senator-kamala-harris-remarks-supreme-court,6,and a supreme court justice and it was an inspiration and a call to each of us for each of us to be better to stay in the fight and stay committed to what motivated justice ginsburg the most that
42698,42698,JoeBiden,2020-07-21,The Biden Plan for Mobilizing American Talent and Heart to Create a 21st Century Caregiving and Education Workforce,NA,https://medium.com/@JoeBiden/the-biden-plan-for-mobilizing-american-talent-and-heart-to-create-a-21st-century-caregiving-and-af5ba2a2dfeb?source=user_profile---------34----------------------------,26,space for their child in a quality care and educational setting keeping parents primarily mothers out of the workforce or causing them to settle for lower paying jobs that allowed them time to provide their own child care and now
50896,50896,DonaldTrump,2020-08-21,Remarks by President Trump at the 2020 Council for National Policy Meeting,NA,https://votesmart.org/public-statement/1461719/remarks-by-president-trump-at-the-2020-council-for-national-policy-meeting&speechType=6,132,they've changed it by now and they laughter somebody got in and they said who wrote that editorial they probably lost their job but tom friedman actually wrote the editorial it was very fair it's true he couldn't believe it
62396,62396,MikePence,2020-11-13,Remarks by Vice President Pence at Young America's Foundation's Fall College Retreat and President's Club Weekend  ...,NA,https://votesmart.org/public-statement/1484113/remarks-by-vice-president-pence-at-young-americas-foundations-fall-college-retreat-and-presidents-club-weekend-event&speechType=1,51,donald trump who cut taxes across the board for working families and businesses large and small we rolled back more federal red tape than any administration in american history we unleashed american energy we're now a net exporter of energy
48059,48059,DonaldTrump,2019-09-11,Remarks by President Trump at September 11th Pentagon Observance Ceremony,NA,https://votesmart.org/public-statement/1368904/remarks-by-president-trump-at-september-11th-pentagon-observance-ceremony&speechType=1,24,of 9 11 earlier this year we fully reauthorized the victims compensation fund to the tune of billions and billions of dollars since september 11th nearly 6 million young men and women have joined the united states armed forces they
14913,14913,DonaldTrump,2020-10-16,"President Trump Campaign Rally in Macon, Georgia",476934-1,https://www.c-span.org/video/?476934-1/president-trump-campaign-rally-macon-georgia,176,certain countries that are going to look to do bad things to us pretty amazing what's happened biden's agenda will also be a catastrophe for georgia seniors seniors do we have any seniors in the house right proud to be
55672,55672,JoeBiden,2021-01-20,"Inaugural Address by President Joseph R. Biden, Jr.",NA,https://votesmart.org/public-statement/1494744/inaugural-address-by-president-joseph-r-biden-jr&speechType=1,60,god protect our troops thank you america
38145,38145,MikePence,2020-06-23,Vice President Pence Remarks on Faith in America,473326-1,https://www.c-span.org/video/?473326-1/vice-president-pence-remarks-faith-america,67,and looting was overwhelming many of our major cities joe biden sent out a press release president donald trump sent in the national guard applause he secured our nation's capital and called on every governor in america to do the
34144,34144,KamalaHarris,2020-10-21,"Senator Kamala Harris Campaigns in Asheville, North Carolina",477196-1,https://www.c-span.org/video/?477196-1/senator-kamala-harris-campaigns-asheville-north-carolina,2,north carolina where president trump is hosting a campaign rally watch live campaign 2020 coverage on c span online at c span.org or listen with the free c span radio app senator kamala harris visited voters in nashville north carolina
61173,61173,MikePence,2019-11-20,Remarks by Vice President Pence at Fincantieri Marinette Marine,NA,https://votesmart.org/public-statement/1385342/remarks-by-vice-president-pence-at-fincantieri-marinette-marine&speechType=1,69,time off and these two big boys came walking by both wearing budweiser shirts men after my own heart laughter and they did one of them stopped and looked at me because the local newspaper had said that we were
36729,36729,MikePence,2019-11-01,"Vice President Pence Remarks in London, Kentucky",465996-101,https://www.c-span.org/video/?465996-101/vice-president-pence-remarks-london-kentucky,93,allow me to brin g greetin gs from a man the people of kent ucky place their confi denc e in 3 ye ars ago a man who like me believes i n go v matt be vin and loves
19981,19981,DonaldTrump,2020-11-02,"President Trump Campaign Rally in Kenosha, Wisconsin",477686-1,https://www.c-span.org/video/?477686-1/president-trump-campaign-rally-kenosha-wisconsin,76,outside of a radical group and this is a radical group but we have a country that's very well united when you look at a group of people like this it's incredible and i go from here i go i
43550,43550,KamalaHarris,2019-07-29,My Plan For Medicare For All,NA,https://kamalaharris.medium.com/my-plan-for-medicare-for-all-7730370dd421?source=user_profile---------30----------------------------,31,period i would also ensure the new system of medicare for all meets clear benchmarks before asking people to join the plan has the public medicare plan fulfilled its promise of high quality coverage without unaffordable cost sharing have we
58458,58458,MikePence,2019-05-07,Remarks by Vice President Pence at the Washington Conference on the Americas,NA,https://votesmart.org/public-statement/1341893/remarks-by-vice-president-pence-at-the-washington-conference-on-the-americas&speechType=1,4,begin let me reflect on some welcome news last fall we made clear to aung san suu kyi of burma that the arrest and jailing of two journalists was deeply troubling to millions of americans and we urged their release
58855,58855,MikePence,2019-05-20,Remarks by Vice President Pence at America First Policies Event USMCA: A Better Deal for American Workers,NA,https://votesmart.org/public-statement/1343773/remarks-by-vice-president-pence-at-america-first-policies-event-usmca-a-better-deal-for-american-workers&speechType=1,37,they've done that more than in any previous year their company is growing by leaps and bounds they're creating jobs right here in this community so join me in thanking the ceo of drummond press john falconetti applause john take
33363,33363,KamalaHarris,2020-03-09,Joe Biden Campaign Event in Detroit,470101-1,https://www.c-span.org/video/?470101-1/joe-biden-campaign-event-detroit,2,life for her approval ratings have gone from 78 42 since trump showed up on the scene in 2015 and that's a stark decline martha make sally in arizona lost her last race and she's on the ballot again we
46018,46018,DonaldTrump,2019-01-14,Statement by the President,NA,https://votesmart.org/public-statement/1316176/statement-by-the-president&speechType=6,3,to require the commission to evaluate whether additional legislative authority or appropriations are needed to implement a certain program envisioned by the congress my administration will treat these provisions in a manner consistent with article ii section 3 of the
58907,58907,MikePence,2019-05-25,Remarks by Vice President Pence at the West Point Graduation Ceremony,NA,https://votesmart.org/public-statement/1344834/remarks-by-vice-president-pence-at-the-west-point-graduation-ceremony&speechType=1,6,r day when you were given 90 seconds to say goodbye to your loved ones from that first day just over the rise when you marched onto the plain as plebes on acceptance day you committed yourselves to service and
22881,22881,JoeBiden,2019-07-04,"Joe Biden Fourth of July Campaign Rally in Marshalltown, Iowa",462259-1,https://www.c-span.org/video/?462259-1/joe-biden-fourth-july-campaign-rally-marshalltown-iowa,46,to work to see that doesn't happen when is the last time you can recall someone who embraces dictators and objects to everything our founders wrote about kim jong un food and mohammad bin salman putin come up mohammad bin
35175,35175,KamalaHarris,2020-11-01,"Senator Kamala Harris Campaigns in Gwinnett County, Georgia",477679-1,https://www.c-span.org/video/?477679-1/senator-kamala-harris-campaigns-gwinnett-county-georgia,59,united states the commander in chief of the united states responded by saying science doesn't know what is that here is the thing mr president science does now and so does the leading scientific magazine that endorsed joe biden for
24616,24616,JoeBiden,2019-12-22,"Joe Biden in Perry, Iowa",467527-1,https://www.c-span.org/video/?467527-1/joe-biden-perry-iowa,30,when are you coming home they love me more than anybody in the world they would be at the house and my mother used to jean finnegan would sing and have the kids go to sleep and i can't sing
32591,32591,KamalaHarris,2019-04-23,"Senator Kamala Harris Town Hall in Hanover, New Hampshire",459979-1,https://www.c-span.org/video/?459979-1/senator-kamala-harris-town-hall-hanover-hampshire,64,commander in chief that prefers to take the word of a saudi prince over the word of the american intelligence community when it comes to a journalist who was assassinated a journalist who had american credentials and let's speak truth
759,759,DonaldTrump,2019-05-02,President Trump Observes National Day of Prayer,460357-1,https://www.c-span.org/video/?460357-1/president-trump-observes-national-day-prayer,139,this morning grate to feel you that we live in a nation where you have given us the right to worship you and to honor you without fear and without favor we give you all the glory and honor for
53042,53042,JoeBiden,2020-01-01,"Issue Position: The Biden Plan for Educators, Students, and Our Future",NA,https://votesmart.org/public-statement/1478152/issue-position-the-biden-plan-for-educators-students-and-our-future&speechType=1,49,strategies and recognized institutions of higher education's interests in creating diverse student bodies and he will provide grants to school districts to create plans and implement strategies to diversify their schools.make sure children with disabilities have the support to succeed
60607,60607,MikePence,2019-10-21,"Remarks by Vice President Pence on the United States-Mexico-Canada Agreement | Duryea, PA",NA,https://votesmart.org/public-statement/1377790/remarks-by-vice-president-pence-on-the-united-states-mexico-canada-agreement-duryea-pa&speechType=1,54,in the house of representatives isn't it guys i mean speaker nancy pelosi and the democrats in congress have refused to bring the usmca to the floor you see the headlines these days democrats are spending all their time on
33588,33588,KamalaHarris,2020-08-12,Joe Biden Introduction of Senator Kamala Harris as Running Mate,474731-1,https://www.c-span.org/video/?474731-1/joe-biden-introduction-senator-kamala-harris-running-mate,41,thinks about climate change all we hear is the word hoax a biden harris administration will meet the climate crisis protect the health of the american public and along the way we will deliver one word jobs good paying jobs
35045,35045,KamalaHarris,2020-10-31,"Senator Kamala Harris Speaks at Biden Campaign Event in Lake Worth, Florida",477608-1,https://www.c-span.org/video/?477608-1/senator-kamala-harris-speaks-biden-campaign-event-lake-worth-florida,17,it up he told the american people it was a hoax and here's the thing can you imagine what you would have done and how you would have planned as a parent as a small business owner as a teacher
22917,22917,JoeBiden,2019-07-04,"Joe Biden Fourth of July Campaign Rally in Marshalltown, Iowa",462259-1,https://www.c-span.org/video/?462259-1/joe-biden-fourth-july-campaign-rally-marshalltown-iowa,82,get out here's why i think i'm all so optimistic i'm more optimistic about the position today than i have ever been in my life folks remember who we are we have the strongest military no one is close our
33478,33478,KamalaHarris,2020-07-02,Senator Harris on Police Reform,473613-1,https://www.c-span.org/video/?473613-1/senator-harris-police-reform,7,the beating of rodney king we're part of a movement that started a long time ago and this movement will not be deterred music so the special washington post live which is a live reporting of my podcast i'm john
26677,26677,JoeBiden,2020-03-09,Joe Biden Campaign Event in Detroit,470101-1,https://www.c-span.org/video/?470101-1/joe-biden-campaign-event-detroit,65,representatives folks you want a nominee that is going to beat donald trump when back the united states senate join us applause a lifelong democrat proud democrat obama biden democrat join us to bring it together and not tear it
57109,57109,MikePence,2019-03-06,Remarks by Vice President Pence at The Latino Coalition Legislative Summit,NA,https://votesmart.org/public-statement/1327172/remarks-by-vice-president-pence-at-the-latino-coalition-legislative-summit&speechType=1,98,said america was founded on liberty and independence not government coercion domination and control the moment america becomes a socialist country is the moment america ceases to be america so i say to all of you job creators entrepreneurs people
40699,40699,JoeBiden,2019-07-20,Let’s Get Real About Health Care,NA,https://medium.com/@JoeBiden/lets-get-real-about-health-care-4b33dee673bd?source=user_profile---------158----------------------------,15,the best way to achieve universal health care is to build upon obamacare roughly 20 million people already gained coverage because of it.so let's have the debate build upon what's been working in obamacare or scrap it altogether and start
61711,61711,MikePence,2020-06-12,Remarks by Vice President Pence to Oberg Industries employees on Opening up America Again,NA,https://votesmart.org/public-statement/1432935/remarks-by-vice-president-pence-to-oberg-industries-employees-on-opening-up-america-again&speechType=6,95,large and small are joining you as we reopen america it seems like we've passed through a very challenging time over the last few months and weeks and i know at times it may seem like there's more that divides
47219,47219,DonaldTrump,2019-04-26,Remarks by President Trump at the NRA-ILA Leadership Forum,NA,https://votesmart.org/public-statement/1339032/remarks-by-president-trump-at-the-nra-ila-leadership-forum&speechType=1,52,you know the programs they're horrible the asylum where rough tough ms 13 gang members come in you don't want to meet with these people but ice doesn't mind because ice is throwing them out of our country by the
20398,20398,DonaldTrump,2020-11-02,"President Trump and Vice President Pence Speak at Campaign Rally in Traverse City, Michigan",477685-1,https://www.c-span.org/video/?477685-1/president-trump-vice-president-pence-speak-campaign-rally-traverse-city-michigan,225,voting is coming they're supposed to be way ahead right in the early voting you know then we catch him on election data for whatever reason that's the way it is we voted on election they're not way ahead and
61808,61808,MikePence,2020-06-25,Remarks by Vice President Pence on Opening Up America Again,NA,https://votesmart.org/public-statement/1439033/remarks-by-vice-president-pence-on-opening-up-america-again&speechType=6,6,long ago where we had heartbreaking news today is a new beginning for lordstown and it's a new day of leadership in electric vehicles in the united states applause it really is great to be with all of you and
9897,9897,DonaldTrump,2020-09-12,"President Trump Campaign Rally in Reno, Nevada",475541-1,https://www.c-span.org/video/?475541-1/president-trump-campaign-rally-reno-nevada,16,more coming in but she said he's got maybe a thousand people a thousand you know what i got i have a thousand people here no this is the fake news you know what it's not a question of how
23199,23199,JoeBiden,2019-08-07,Former Vice President Joe Biden Remarks on Mass Shootings,463333-1,https://www.c-span.org/video/?463333-1/vice-president-joe-biden-remarks-mass-shootings,25,got the assault weapons ban and the high capacity magazines banned in this country for 10 years if elected president we will do it again we will do it again applause 100 rounds in dayton 30 round clips in el
35144,35144,KamalaHarris,2020-11-01,"Senator Kamala Harris Campaigns in Gwinnett County, Georgia",477679-1,https://www.c-span.org/video/?477679-1/senator-kamala-harris-campaigns-gwinnett-county-georgia,28,says we need to expand obamacare we need to expand it to the point we bring down the cost of prescription drugs bring down the cost of premiums bring down the age of medicare eligibility at age 60 joe biden
27481,27481,JoeBiden,2020-06-30,Joe Biden on COVID-19 and the Economy,473520-1,https://www.c-span.org/video/?473520-1/joe-biden-covid-19-economy,94,dozen things we have gone out and done so the irony is i think we are probably communicating directly in detail with more people than we would have otherwise but i would much rather be doing it in person so
34516,34516,KamalaHarris,2020-10-28,"Senator Harris Biden Campaign Event in Phoenix, Arizona",477474-1,https://www.c-span.org/video/?477474-1/senator-harris-biden-campaign-event-phoenix-arizona,21,the president of the united states said it was a hoax and then most recently just in the last couple of days at the gall to say we're rounding the corner on it but phoenix can you imagine what you
51433,51433,DonaldTrump,2020-09-03,Remarks by President Trump After Air Force One Arrival,NA,https://votesmart.org/public-statement/1463777/remarks-by-president-trump-after-air-force-one-arrival&speechType=1,5,getting pay raises for our military it is a disgraceful situation by a magazine that's a terrible magazine i don't read it but i just heard about it they made it up and probably it's a couple of people that
56180,56180,KamalaHarris,2019-10-08,"After Senate Intelligence Committee Releases Second Volume of Bipartisan Russia Report, Harris Warns of Further Ef ...",NA,https://votesmart.org/public-statement/1376048/after-senate-intelligence-committee-releases-second-volume-of-bipartisan-russia-report-harris-warns-of-further-efforts-to-suppress-black-voters&speechType=6,4,discourage the black community from voting social media companies must step up their efforts to fight disinformation and remove inflammatory content on their platforms including by ensuring their workforces are diverse enough to identify and understand the cultural nuances that
33470,33470,KamalaHarris,2020-03-09,Joe Biden Campaign Event in Detroit,470101-1,https://www.c-span.org/video/?470101-1/joe-biden-campaign-event-detroit,109,candidate standing up to the working class and middle class we are going to win that election this is your campaign a look at efforts to combat global disinformation campaigns and propaganda particularly from china and russia the senate foreign
21102,21102,DonaldTrump,2020-12-02,President Trump Statement on 2020 Election Results,506975-1,https://www.c-span.org/video/?506975-1/president-trump-statement-2020-election-results,72,much more robert mueller spent 48 million of taxpayer money investigating me for two and a half years issued over 2800 subpoenas executed nearly 500 search warrants issued 230 orders for communications records and conducted 500 witness interviews all looking
13123,13123,DonaldTrump,2020-09-30,"President Trump Campaign Rally in Duluth, Minnesota",476320-1,https://www.c-span.org/video/?476320-1/president-trump-campaign-rally-duluth-minnesota,7,applause do you hear about this in the history of cable television it had highest ratings of anything on cable television it has the second highest ratings of overall television in the history of television does anyone know what was
