,words
0,abington school district  schempp
1,ableman  booth; united states  booth
2,abortion
3,abrams  united states
4,abstention doctrine
5,academic freedom
6,access to trials
7,actual malice
8,adair  united states
9,john quincy  adams
10,adamson  california
11,inc.  pena adarand constructors
12,adkins  children's hospital
13,administration of federal courts
14,administrative assistant to the chief justice
15,administrative office of u.s. courts
16,administrative state
17,admiralty and maritime law
18,admission to practice before the bar of the court
19,advance sheets
20,advertising bar
21,advisory opinions
22,affected with a public interest
23,affirmative action
24,age discrimination in employment act
25,agostini  felton
26,agriculture
27,inc. akron  akron center for reproductive health
28,albermarle paper co.  moody
29,albertson  subversive activities control board
30,alien and sedition acts
31,alien land laws
32,alienage and naturalization
33,samuel a. jr.  alito
34,all deliberate speed
35,allegheny county  aclu greater pittsburgh chapter
36,allgeyer  louisiana
37,american bar association standing committee on federal judiciary
38,american civil liberties union
39,american communications association  douds
40,american indians
41,american insurance company  canter
42,united states  american library association
43,americans united for the separation of church and state
44,americans with disabilities act
45,amicus brief
46,amicus curiae
47,antecedents to the court
48,the antelope
49,antitrust
50,appeal
51,appellate jurisdiction
52,appointment and removal power
53,aptheker  secretary of state
54,architecture of the supreme court building
55,argersinger  hamlin
56,arizona  fulminante
57,arlington heights  metropolitan housing development corp.
58,right to bear arms
59,united states  armstrong
60,article iii
61,ashwander  tennessee valley authority
62,freedom of  citizenship assembly and association
63,atkins  virginia
64,bills of attainder
65,austin  united states
66,automobile searches
67,bad tendency test
68,george edmund  badger
69,bail
70,bailey  drexel furniture co.
71,baker  carr
72,bakke decision
73,henry  baldwin
74,ballard  united states
75,ballew  georgia
76,bank of augusta  earle
77,bank of the united states  deveaux
78,bankruptcy and insolvency legislation
79,bar admission
80,bar advertising
81,barber shop
82,phillip pendleton  barbour
83,barenblatt  united states
84,inc. barnes  glen theatre
85,barron  baltimore
86,bates  state bar of arizona
87,batson  kentucky
88,charles austin  beard
89,belle terre  boraas
90,bennis  michigan
91,benton  maryland
92,berman  parker
93,betts  brady
94,bible reading in public schools
95,alexander  bickel
96,bigelow  virginia
97,bill of rights
98,black monday
99,hugo lafayette  black
100,jeremiah sullivan  black
101,harry andrew  blackmun
102,jr.   john blair
103,blakely  washington
104,samuel  blatchford
105,blue laws
106,board of trustees of alabama  garrett
107,boerne  flores
108,bolling  sharpe
109,robert heron  bork
110,elias  boudinot
111,bowers  hardwick
112,bowsher  synar
113,boy scouts  dale
114,boyd  united states
115,edward anthony  bradford
116,joseph p  bradley
117,bradwell  illinois
118,brandeis brief
119,louis dembitz  brandeis
120,brandenburg  ohio
121,branzburg  hayes; in re pappas; united states  caldwell
122,breedlove  suttles
123,jr.   william joseph brennan
124,david josiah  brewer
125,stephen g.  breyer
126,bricker amendment
127,briefs
128,briscoe  bank of the commonwealth of kentucky
129,bronson  kinzie
130,brown  board of education
131,brown  maryland
132,brown  mississippi
133,brown's indian queen hotel
134,henry billings  brown
135,buchanan  warley
136,buck  bell
137,buckley  valeo
138,budd  new york
139,budget of the court
140,supreme court buildings
141,bunting  oregon
142,bureaucratization of the court
143,bureaucratization of the federal judiciary
144,warren earl  burger
145,aaron  burr
146,burton  wilmington parking authority
147,harold hitz  burton
148,bush  gore
149,business of the court
150,busing
151,butchers' benevolent association of new orleans  crescent city livestock landing
152,charles henry  butler
153,pierce  butler
154,united states  butler
155,butz  economou
156,james francis  byrnes
157,calder  bull
158,california  acevedo
159,united states  california
160,cameras in courtrooms
161,campaign finance
162,john archibald  campbell
163,cantwell  connecticut
164,capital punishment
165,capitalism
166,supreme court in the capitol
167,benjamin nathan  cardozo
168,united states  carlton
169,carolene products footnote
170,carroll  united states
171,george harrold  carswell
172,carter  carter coal co.
173,cases and controversies
174,john  catron
175,censorship
176,center chair
177,cert pool
178,certification
179,writ of certiorari
180,jr   zechariah chafee
181,chambers
182,champion  ames
183,chaplinsky  new hampshire
184,charles river bridge  warren bridge
185,salmon portland  chase
186,samuel  chase
187,checks and balances
188,cherokee cases
189,burlington & quincy railroad company  chicago chicago
190,milwaukee & st. paul railway co.  minnesota chicago
191,office of the chief justice
192,child labor
193,children
194,chimel  california
195,chinese exclusion cases
196,chisholm  georgia
197,chisom  roemer
198,joseph hodges  choate
199,church and state
200,circuit courts of appeals
201,circuit riding
202,citation
203,cities
204,citizens united  federal election commission
205,citizenship
206,ltd city of monterey  del monte dunes at monterey
207,civil law
208,civil liberties
209,civil rights act of 1964
210,civil rights act of 1991
211,civil rights cases
212,civil rights movement
213,civil war
214,clark distilling co.  western maryland railway co.
215,tom campbell  clark
216,john hessin  clarke
217,class actions
218,united states  classic
219,clear and present danger test
220,office of the clerk
221,clerks of the court
222,clerks of the justices
223,nathan  clifford
224,clinton  jones
225,coerced confessions
226,cohen  california
227,cohen  cowles media co.
228,cohens  virginia
229,coker  georgia
230,cold war
231,colegrove  green
232,coleman  miller
233,collector  day
234,collegiality
235,collusive suits
236,comity
237,commerce power
238,commercial speech
239,common carriers
240,common law
241,common‐law court
242,communism and cold war
243,communist party  subversive activities control board
244,compensation
245,compulsory process
246,computer room and computers
247,concurrent power
248,concurring opinions
249,condemnation
250,the conference
251,coerced confessions
252,confirmation process
253,conflict of interest
254,arrest and immunity of members of congress
255,qualifications of members of congress
256,congressional power of investigation
257,congressional power to enforce amendments
258,congressional rules
259,roscoe  conkling
260,conscientious objection
261,conscription
262,consent decree
263,constitutional amending process
264,constitutional amendments
265,constitutional interpretation
266,constitutionalism
267,contempt power of congress
268,contempt power of the courts
269,contraception
270,contract
271,freedom of contract
272,contracts clause
273,cooley  board of wardens of the port of philadelphia
274,thomas mcintyre  cooley
275,cooper  aaron
276,cooperative federalism
277,copyright
278,coram nobis
279,corporations
280,corrigan  buckley
281,edward samuel  corwin
282,right to counsel
283,counselman  hitchcock
284,court curbing
285,court reporters
286,court‐packing plan
287,courts of appeals
288,cox  new hampshire
289,coyle  smith
290,craig  boren
291,craig  missouri
292,william  cranch
293,creation science
294,criminal syndicalism laws
295,john jordan  crittenden
296,crosby  national foreign trade council
297,ex parte crow dog
298,cruel and unusual punishment
299,united states  cruikshank
300,missouri department of health cruzan  director
301,cumming  richmond county board of education
302,cummings  missouri
303,office of the curator
304,benjamin robbins  curtis
305,united states  curtiss‐wright export corp.
306,caleb  cushing
307,william  cushing
308,alexander james  dallas
309,dames & moore  regan
310,danbury hatters' case
311,peter vivian  daniel
312,united states  darby lumber co.
313,dartmouth college  woodward
314,davis  bandemer
315,davis  beason
316,david  davis
317,john chandler bancroft  davis
318,john william  davis
319,william rufus  day
320,dead list
321,death penalty
322,in re debs
323,decision‐making dynamics
324,declaration of independence
325,declaratory judgments
326,defamation
327,defensive denials
328,dejonge  oregon
329,delegation of powers
330,delima  bidwell
331,dennis  united states
332,desegregation remedies
333,detainee cases
334,dictum
335,right to die
336,dillon  gloss
337,disability of justices
338,discriminatory intent
339,discuss list
340,disparate impact
341,disparate treatment
342,dissent
343,diversity jurisdiction
344,dobbins  erie county
345,dodge  woolsey
346,dolan  city of tigard
347,dombrowski  pfister
348,double jeopardy
349,william orville  douglas
350,downes  bidwell
351,draft
352,dred scott case
353,dual federalism
354,due process revolution
355,procedural due process
356,substantive due process
357,duncan  kahanamoku
358,duncan  louisiana
359,duplex printing co.  deering
360,gabriel  duvall
361,united states  e. c. knight co.
362,eastern enterprises  apfel
363,education
364,edwards  california
365,edwards  south carolina
366,united states eichman
367,eighteenth amendment
368,eighth amendment
369,eisenstadt  baird
370,elections
371,eleventh amendment
372,elfbrandt  russell
373,oliver  ellsworth
374,elrod  burns
375,eminent domain
376,employment discrimination
377,enemy combatant cases
378,engel  vitale
379,entitlements
380,environment
381,equal protection
382,equitable remedies
383,erie railroad co.  tompkins
384,morris leopold  ernst
385,writ of error
386,escobedo  illinois
387,espionage acts
388,establishment clause
389,euclid  ambler realty co.
390,evans  abney
391,everson  board of education of ewing township
392,evolution and creation science
393,ex parte
394,ex post facto laws
395,ex rel
396,exclusionary rule
397,executive agreements
398,executive immunity
399,executive privilege
400,exhaustion of remedies
401,extrajudicial activities
402,fair representation
403,fair value rule
404,fairfax's devisee  hunter's lessee
405,fairness doctrine
406,family and children
407,fay  noia
408,federal common law
409,inc federal election commission  wisconsin right to life
410,federal justice center
411,federal maritime commission  south carolina ports authority
412,federal questions
413,federal rules of civil procedure
414,federal rules of criminal procedure
415,federal tort claims act
416,federalism
417,the federalist
418,feiner  new york
419,inc.  inc.  rural telephone service company feist publications
420,female suffrage
421,stephen johnson  field
422,fifteenth amendment
423,fifth amendment
424,fifth amendment immunity
425,fighting words
426,finality of decision
427,financing political speech
428,first amendment
429,first amendment absolutism
430,first amendment balancing
431,first amendment speech tests
432,first english evangelical lutheran church of glendale  county of los angeles
433,first monday in october
434,first national bank of boston  bellotti
435,fiscal and monetary powers
436,flag burning
437,flast  cohen
438,fletcher  peck
439,fletcher  rhode island
440,florida  bostick
441,footnote eleven
442,footnote four
443,united states  fordice
444,foreign affairs and foreign policy
445,fortas resignation
446,abe  fortas
447,four horsemen
448,fourteenth amendment
449,fourth amendment
450,framers of the constitution
451,frank  mangum
452,felix  frankfurter
453,free exercise clause
454,freedom of speech
455,freeman  pitts
456,ernst  freund
457,frontiero  richardson
458,frothingham  mellon
459,fugitive slaves
460,fugitives from justice
461,full faith and credit
462,melville weston  fuller
463,fullilove  klutznick
464,fundamental fairness doctrine
465,fundamental rights
466,furman  georgia
467,gag rule
468,garcia  san antonio metropolitan transit authority
469,in re gault
470,gay and lesbian issues
471,geier  american honda motor co.
472,gelpcke  dubuque
473,gender
474,general welfare
475,genesee chief  fitzhugh
476,gerrymandering
477,inc. gertz  robert welch
478,gibbons  ogden
479,gideon  wainwright
480,cass  gilbert
481,douglas howard  ginsburg
482,ruth bader  ginsburg
483,gitlow  new york
484,gold clause cases
485,goldberg  kelly
486,arthur joseph  goldberg
487,goldfarb  virginia state bar
488,goldwater  carter
489,gomillion  lightfoot
490,gompers  buck's stove & range co.
491,gonzales  carhart; gonzales  planned parenthood federation of america
492,gonzales  raich
493,good faith exception
494,inc.  milford central school good news club
495,graham  richardson
496,grand juries
497,grandfather clause
498,granger cases
499,granholm  heald
500,gratz v. bollinger
501,graves  new york ex rel. o'keefe
502,gray  sanders
503,horace  gray
504,green  biddle
505,green  county school board of new kent county
506,jack  greenberg
507,gregg  georgia
508,robert cooper  grier
509,griffin  california
510,griffin  county school board of prince edward county
511,griggs  duke power co.
512,griswold  connecticut
513,grosjean  american press co.
514,grove city college  bell
515,groves  slaughter
516,grovey  townsend
517,grutter  bollinger and gratz  bollinger
518,guarantee clause
519,united states  guest
520,guinn  united states
521,gymnasium
522,habeas corpus
523,hague  congress of industrial organizations
524,hall  decuir
525,alexander  hamilton
526,hammer  dagenhart
527,billings learned  hand
528,john marshall  harlan
529,ii   john marshall harlan
530,harper  virginia state board of elections
531,harris  mcrae
532,harris  new york
533,robert h  harrison
534,hate speech
535,hawaii housing authority  midkiff
536,hayburn's case
537,jr   clement furman haynsworth
538,head money cases
539,headnotes
540,heart of atlanta motel  united states
541,heightened scrutiny
542,helvering  davis
543,hepburn  griswold
544,higher law
545,hirabayashi  united states
546,history of the court
547,court uses of history
548,ebenezer rockwood  hoar
549,hodgson  minnesota
550,holden  hardy
551,holder  hall
552,holding
553,holmes  jennison
554,oliver wendell  holmes
555,home building and loan association  blaisdell
556,homosexuality
557,honda motor co.  oberg
558,william butler  hornblower
559,housing discrimination
560,charles hamilton  houston
561,east and west texas railway co.  united states houston
562,benjamin chew  howard
563,hoyt  florida
564,united states  hudson & goodwin
565,hudson  michigan
566,hudson  palmer
567,charles evans  hughes
568,humphrey's executor  united states
569,ward  hunt
570,inc. hurley  irish‐american glb group of boston
571,hurtado  california
572,hustler magazine  falwell
573,hutchinson  proxmire
574,hylton  united states
575,ifp
576,illegitimacy
577,illinois ex. rel. mccollum  board of education
578,immigration
579,immigration and naturalization service  chadha
580,immunity
581,impact of court decisions
582,impeachment
583,implied powers
584,impoundment powers
585,in camera
586,in forma pauperis
587,in personam jurisdiction
588,in re
589,in rem jurisdiction
590,income tax
591,income tax cases
592,incorporation doctrine
593,independent and adequate state grounds doctrine
594,indian bill of rights
595,indigency
596,inherent powers
597,inheritance and illegitimacy
598,injunctions and equitable remedies
599,insanity defense
600,insolvency legislation
601,insular cases
602,equality and insurance rates
603,intergovernmental tax immunity
604,intermediate scrutiny
605,international impact of court decisions
606,inc. international union  johnson controls
607,interposition
608,interpretivism and noninterpretivism
609,interstate commerce commission
610,interstate compacts
611,inverse condemnation
612,james  iredell
613,j.e.b.  alabama ex rel t.b.
614,jackson  metropolitan edison co.
615,andrew  jackson
616,howell edmonds  jackson
617,robert houghwout  jackson
618,jackson‐black feud
619,japanese relocation
620,john  jay
621,thomas  jefferson
622,jenner‐butler bill
623,johnson and graham's lessee  mcintosh
624,johnson  de grandy
625,johnson  louisiana
626,johnson  santa clara county
627,johnson  zerbst
628,thomas  johnson
629,william  johnson
630,“join three”
631,joint anti‐fascist refugee committee  mcgrath
632,jones  alfred h. mayer co.
633,jones  flowers
634,jones  van zandt
635,judicial activism
636,judicial conference of the united states
637,judicial ethics
638,judicial immunity from civil damages
639,judicial improvements and access to justice act
640,judicial power and jurisdiction
641,judicial review
642,judicial self‐restraint
643,judiciary act of 1789
644,judiciary act of 1837
645,judiciary act of 1866
646,judiciary act of 1869
647,judiciary act of 1875
648,judiciary act of 1891
649,judiciary act of 1925
650,judiciary acts of 1801 and 1802
651,juries
652,jurisdiction
653,just compensation
654,number of justices
655,justiciability
656,juvenile justice
657,united states  kagama
658,elena  kagan
659,kastigar  united states
660,katz  united states
661,katzenbach  mcclung
662,katzenbach  morgan
663,kelo  city of new london
664,kendall  united states ex rel. stokes
665,anthony mcleod  kennedy
666,kent  dulles
667,kentucky  dennison
668,ker  california
669,keyes  denver school district no. 1
670,keyishian  board of regents
671,keystone bituminous coal association  debenedictis
672,kidd  pearson
673,kilbourn  thompson
674,edward  king
675,klopfer  north carolina
676,ernest  knaebel
677,knox  lee
678,korean war
679,korematsu  united states
680,kunz  new york
681,labor
682,laissez‐faire constitutionalism
683,joseph rucker  lamar
684,lucius quintus cincinnatus  lamar
685,land grants
686,united states  lanza
687,lassiter  northampton county board of elections
688,lawrence  texas
689,lawyers' edition
690,least dangerous branch
691,least restrictive means test
692,lee  weisman
693,office of legal counsel
694,legal defense fund
695,legal realism
696,legal tender cases
697,legislative districting
698,legislative standing
699,legislative veto
700,legislative‐executive agreements
701,lemon test
702,lemon  kurtzman
703,united states  leon
704,lexisnexis
705,libel
706,library
707,license cases
708,abraham  lincoln
709,levi  lincoln
710,henry curtis  lind
711,u.s.a. inc. lingle  chevron
712,44 liquormart  rhode island
713,literacy tests
714,henry brockholst  livingston
715,lochner  new york
716,locke  davey
717,loewe  lawlor
718,lone wolf  hitchcock
719,united states  lopez
720,lottery cases
721,louisiana ex rel. francis  resweber
722,louisville railroad co.  letson
723,new orleans and texas railway co.  mississippi louisville
724,lovell  city of griffin
725,united states  lovett
726,loving  virginia
727,lower federal courts
728,lucas  south carolina coastal council
729,lujan  defenders of wildlife
730,horace harmon  lurton
731,luther  borden
732,lynch  donnelly
733,james  madison
734,magnet schools
735,mallory  united states
736,malloy  hogan
737,writ of mandamus
738,mann act
739,mapp  ohio
740,marbury  madison
741,maritime law
742,marriage
743,marshall statue
744,marshall  barlow's inc.
745,john  marshall
746,thurgood  marshall
747,marshals of the court
748,martial law
749,martin  hunter's lessee
750,martin  mott
751,luther  martin
752,maryland  craig
753,massachusetts  mellon
754,massiah  united states
755,inc. masson  new yorker magazine
756,maternity leave
757,thomas stanley  matthews
758,maxwell  dow
759,ex parte mccardle
760,mccarran act
761,mccleskey  kemp
762,mccleskey  zant
763,mcconnell  federal election commission
764,mccray  united states
765,mccreary county  american civil liberties union of kentucky
766,mcculloch  maryland
767,mcdonald  chicago
768,mckeiver  pennsylvania
769,joseph  mckenna
770,john  mckinley
771,mclaurin  oklahoma state regents for higher education
772,john  mclean
773,james clark  mcreynolds
774,metro broadcasting  federal communications commission
775,meyer  nebraska
776,miami herald publishing co.  tornillo
777,michael m.  superior court of sonoma county
778,michigan department of state police  sitz
779,michigan  long
780,william chatfield  micou
781,midnight judges
782,military justice
783,military trials and martial law
784,milkovich  lorain journal co.
785,miller  california
786,miller  johnson
787,samuel freeman  miller
788,ex parte milligan
789,milliken  bradley
790,minersville school district  gobitis
791,minnesota rate cases
792,minnesota twins
793,minor  happersett
794,sherman  minton
795,miranda  arizona
796,miranda warnings
797,mississippi university for women  hogan
798,mississippi  johnson
799,missouri ex rel. gaines  canada
800,missouri  holland
801,missouri  jenkins
802,missouri  jenkins
803,mistretta  united states
804,mobile  bolden
805,moment of silence
806,monell  department of social services
807,monetary powers
808,monopoly
809,monterey v. del monte dunes
810,william henry  moody
811,moore  dempsey
812,alfred  moore
813,moose lodge  irvis
814,mootness
815,morehead  new york ex rel. tipaldo
816,morgan  virginia
817,morrison  olson
818,united states  morrison
819,morse  frederick
820,mugler  kansas
821,mulford  smith
822,muller  oregon
823,municipal corporations
824,munn  illinois
825,murdock  memphis
826,murdock  pennsylvania
827,murphy  waterfront commission of new york
828,frank  murphy
829,murray's lessee  hoboken land & improvement co.
830,muskrat  united states
831,myers  united states
832,jr.   james m. nabrit
833,national association for the advancement of colored people
834,national association for the advancement of colored people  alabama ex rel. patterson
835,national association for the advancement of colored people  button
836,national labor relations board  jones & laughlin steel corp.
837,national league of cities  usery
838,national organization for women
839,national police power
840,national security
841,national treasury employees union  von raab
842,native americans
843,natural law
844,naturalization
845,in re neagle
846,near  minnesota
847,nebbia  new york
848,nebraska press association  stuart
849,necessary and proper clause
850,samuel  nelson
851,new commerce clause
852,new deal
853,new state ice co.  liebmann
854,new states
855,new york state club association  city of new york
856,new york times co.  sullivan
857,new york times co.  united states
858,new york  belton
859,new york  miln
860,newsroom searches
861,nine old men
862,nineteenth amendment
863,ninth amendment
864,nixon  administrator of general services
865,nixon  condon
866,nixon  herndon
867,nixon  united states
868,richard  nixon
869,united states  nixon
870,nollan  california coastal commission
871,nomination of justices
872,controversial nominations
873,rejection of nominees
874,nonverbal expression
875,norfolk southern railway co.  shanklin
876,norris  alabama
877,norris v. boston
878,northern securities co.  united states
879,northwest ordinance
880,noto  united states
881,nullification
882,number of justices
883,united states  o'brien
884,sandra day  o'connor
885,o'gorman and young  hartford fire insurance co.
886,obiter dictum
887,obscenity and pornography
888,ogden  saunders
889,philadelphia old city hall
890,olmstead  united states
891,richard  olney
892,one person
893,assignment and writing of opinions
894,style of opinions
895,oral argument
896,orders list
897,ordinary scrutiny
898,oregon  mitchell
899,original intent
900,original jurisdiction
901,original package doctrine
902,orr  orr
903,osborn  bank of the united states
904,osborne  ohio
905,william tod  otto
906,pacific states telephone & telegraph co.  oregon
907,paid docket
908,paintings in the supreme court building
909,palko  connecticut
910,palmer  thompson
911,panama refining co.  ryan
912,pardon power
913,parents involved in community schools  seattle school district no. 1
914,parker  davis
915,john johnston parker
916,party system
917,pasadena board of education  spangler
918,passenger cases
919,patent
920,paternalism
921,william  paterson
922,patterson  mclean credit union
923,paul  virginia
924,payne  tennessee
925,payton  new york
926,rufus wheeler  peckham
927,wheeler hazard  peckham
928,peirce  new hampshire
929,penn central transportation co.  city of new york
930,pennoyer  neff
931,pennsylvania coal co.  mahon
932,pennsylvania  nelson
933,pennsylvania  wheeling and belmont bridge co.
934,penry  lynaugh
935,pentagon papers case
936,peonage
937,george wharton  pepper
938,per curiam
939,peremptory challenges
940,perry  united states
941,personnel administrator of massachusetts  feeney
942,jr.   richard peters
943,petit juries
944,right of petition
945,petitioner and respondent
946,philip morris usa  williams
947,picketing
948,pierce  society of sisters
949,william  pinkney
950,mahlon  pitney
951,planned parenthood of southeastern pennsylvania  casey
952,plea bargaining
953,plessy  ferguson
954,plurality opinions
955,plyler  doe
956,pointer  texas
957,police power
958,political parties
959,political process
960,political questions
961,political thicket
962,poll taxes
963,walter heilprin  pollak
964,pollock  farmers' loan & trust co.
965,popular images of the court
966,pornography
967,postal power
968,poverty
969,powell  alabama
970,powell  mccormack
971,jr   lewis franklin powell
972,powers  ohio
973,prayer in public schools
974,precedent
975,preferred freedoms doctrine
976,and maternity leaves  disability pregnancy
977,presidential emergency powers
978,press confidentiality
979,press coverage
980,press room
981,freedom of the press
982,presser  illinois
983,pretrial publicity and the gag rule
984,prigg  pennsylvania
985,printz  united states
986,prior restraint
987,prisoners' rights of speech
988,privacy
989,private corporation charters
990,private discriminatory associations
991,privileges and immunities
992,prize cases
993,pro se petition
994,probable cause
995,procedural due process
996,progressivism
997,writ of prohibition
998,property rights
999,providence bank  billings
1000,prudential insurance co.  benjamin
1001,public forum doctrine
1002,public information office
1003,public lands
1004,public opinion
1005,public use doctrine
1006,punitive damages
1007,pure speech
1008,jr.   henry putzel
1009,ex parte quirin
1010,quo warranto
1011,r.a.v.  city of st. paul
1012,race and racism
1013,race discrimination and the death penalty
1014,railroads
1015,randall  sorrell
1016,ranking of the justices
1017,john  rawls
1018,john meredith  read
1019,ronald  reagan
1020,reapportionment cases
1021,reconstruction
1022,recuse
1023,inc.  federal communications red lion broadcasting co.
1024,reed  reed
1025,stanley forman  reed
1026,united states  reese
1027,regents of the university of california  bakke
1028,regulatory taking
1029,william hubbs  rehnquist
1030,released time
1031,religion
1032,removal act of 1875
1033,removal of cases
1034,removal power
1035,reno  american civil liberties union
1036,right of reply
1037,supreme court reporters
1038,reporting of opinions
1039,republican party of minnesota  white
1040,res judicata
1041,reserved powers
1042,resignation and retirement
1043,respondent
1044,restrictive covenants
1045,retirement
1046,reversals of court decisions by amendment
1047,reversals of court decisions by congress
1048,reverse discrimination
1049,process of review
1050,reynolds  sims
1051,reynolds  united states
1052,rice  cayetano
1053,united states  richardson
1054,inc.  virginia richmond newspapers
1055,richmond  j. a. croson co.
1056,right to
1057,right to bear arms
1058,ring  arizona
1059,ripeness and immediacy
1060,united states  robel
1061,roberts  united states jaycees
1062,jr.   john glover roberts
1063,owen josephus  roberts
1064,robing room
1065,robinson  california
1066,robinson  memphis and charleston railroad
1067,rochin  california
1068,roe  wade
1069,roman law
1070,romer  evans
1071,franklin delano  roosevelt
1072,roper  simmons
1073,rose's notes on the united states reports
1074,rosenberg  united states
1075,rosenberger  university of virginia
1076,united states  ross
1077,rostker  goldberg
1078,roth  united states; albert's  california
1079,royal exchange in new york city
1080,rule of four
1081,rule of reason
1082,rule‐making power
1083,rules of the court
1084,rumsfeld  forum for academic and institutional rights
1085,runyon  mccrary
1086,rust  sullivan
1087,rutan  republican party of illinois
1088,john  rutledge
1089,jr.   wiley blount rutledge
1090,salaries of the justices
1091,san antonio independent school district  rodriguez
1092,l.p.  city and county of san francisco san remo hotel
1093,edward terry  sanford
1094,santa clara county  southern pacific railroad co.
1095,santa clara pueblo  martinez
1096,scales  united states
1097,antonin  scalia
1098,schechter poultry corp.  united states
1099,schenck  united states
1100,school attendance
1101,school prayer and bible reading
1102,scott  sandford
1103,scottsboro cases
1104,sculpture in the supreme court building
1105,seamstress's room
1106,exceptions to search warrant rules
1107,second amendment
1108,sedition act of 1798
1109,seditious libel
1110,de facto segregation
1111,de jure segregation
1112,selection of justices
1113,selective draft law cases
1114,selective exclusiveness
1115,self‐incrimination
1116,seminole tribe of florida  florida
1117,senate judiciary committee
1118,senatorial courtesy
1119,seniority
1120,separability of statutes
1121,separate but equal doctrine
1122,separation of powers
1123,seriatim opinions
1124,seventeenth amendment
1125,seventh amendment
1126,sex discrimination
1127,sexual harassment
1128,shapiro  thompson
1129,shaw  reno
1130,shelley  kraemer
1131,sheppard  maxwell
1132,sherman antitrust act
1133,jr.   george shiras
1134,shreveport rate cases
1135,ex parte siebold
1136,silver platter doctrine
1137,sit‐in demonstrations
1138,sixteenth amendment
1139,sixth amendment
1140,skinner  oklahoma
1141,skinner  railway labor executives association
1142,slaughterhouse cases
1143,slavery
1144,slip opinion
1145,slochower  board of education of new york city
1146,smith act
1147,smith  allwright
1148,william  smith
1149,smyth  ames
1150,social background of the justices
1151,social science
1152,sociological jurisprudence
1153,solicitor general
1154,sonia maria  sotomayor
1155,david hackett  souter
1156,south carolina  katzenbach
1157,south dakota  dole
1158,united states  south‐eastern underwriters association
1159,sovereign immunity
1160,spallone  united states
1161,speech and the press
1162,speech or debate clause
1163,speedy trial
1164,john c.  spencer
1165,spite nominations
1166,springer  united states
1167,james  st. clair
1168,nonjudicial staff of the court
1169,henry  stanbery
1170,standard oil  united states
1171,standing to sue
1172,stanford  kentucky
1173,stanley  georgia
1174,united states v stanley
1175,stanton  stanton
1176,edwin m  stanton
1177,stare decisis
1178,state action
1179,state constitutions and individual rights
1180,state courts
1181,state police power
1182,state regulation of commerce
1183,state sedition laws
1184,state sovereignty and states' rights
1185,state taxation
1186,statutory construction
1187,stay
1188,steel seizure case
1189,john paul  stevens
1190,steward machine co.  davis
1191,potter  stewart
1192,stone  mississippi
1193,stone  powell
1194,harlan fiske  stone
1195,stop and frisk rule
1196,inc  florida department of environmental protection stop the beach renourishment
1197,joseph  story
1198,strauder  west virginia
1199,strawbridge  curtiss
1200,stream of commerce
1201,strict scrutiny
1202,stromberg  california
1203,william  strong
1204,stuart  laird
1205,sturges  crowninshield
1206,subpoena
1207,substantive due process
1208,subversion
1209,suffrage
1210,sugar trust case
1211,sunday closing laws
1212,supreme court reporter
1213,suspect classification
1214,george  sutherland
1215,swann  charlotte‐mecklenburg board of education
1216,noah haynes  swayne
1217,sweatt  painter
1218,swift & co.  united states
1219,swift  tyson
1220,symbolic speech
1221,william howard  taft
1222,tahoe‐sierra preservation council  tahoe regional planning
1223,takings clause
1224,talton  mayes
1225,roger brooke  taney
1226,tape recordings
1227,tax immunities
1228,taxing and spending clause
1229,taylor  louisiana
1230,tennessee  lane
1231,tenth amendment
1232,terminiello  chicago
1233,terms
1234,territories and new states
1235,war on terrorism
1236,terry  adams
1237,terry  ohio
1238,david smith  terry
1239,test cases
1240,test oaths
1241,texas and pacific railway co.  united states
1242,texas  johnson
1243,texas  white
1244,james bradley  thayer
1245,third amendment
1246,thirteenth amendment
1247,clarence  thomas
1248,smith  thompson
1249,william homer  thornberry
1250,thornburgh  american college of obstetricians and gynecologists
1251,thornhill  alabama
1252,thurlow  massachusetts
1253,tidelands oil controversy
1254,inc.  hill time
1255,and manner rule  place time
1256,tinker  des moines independent community school district
1257,thomas  todd
1258,tort
1259,right to travel
1260,treaties and treaty power
1261,trial by jury
1262,lawrence h.  tribe
1263,robert  trimble
1264,trop  dulles
1265,truax  corrigan
1266,twelfth amendment
1267,twentieth amendment
1268,twenty‐fifth amendment
1269,twenty‐first amendment
1270,twenty‐fourth amendment
1271,twenty‐second amendment
1272,twenty‐seventh amendment
1273,twenty‐sixth amendment
1274,twenty‐third amendment
1275,twining  new jersey
1276,john  tyler
1277,tyson  banton
1278,inc.  thornton u.s. term limits
1279,ullman  united states
1280,understanding tests
1281,united jewish organizations of williamsburgh  carey
1282,united mine workers
1283,united public workers  mitchell
1284,united states district court
1285,united states law week
1286,united states reports
1287,united steelworkers of america  weber
1288,unprotected speech
1289,vacate
1290,willis  van devanter
1291,van orden  perry
1292,veazie bank  fenno
1293,veronia school district  acton
1294,vested rights
1295,veto power
1296,vietnam war
1297,frederick moore  vinson
1298,virginia  tennessee
1299,virginia  west virginia
1300,united states  virginia
1301,right to vote
1302,voting rights act of 1965
1303,st. louis & pacific railway co.  illinois wabash
1304,united states  wade
1305,morrison remick  waite
1306,wallace  jaffree
1307,john william  wallace
1308,reuben hyde  walworth
1309,war
1310,war on terrorism
1311,war powers
1312,war powers act of 1973
1313,ward's cove packing co.  atonio
1314,ware  hylton
1315,charles  warren
1316,earl  warren
1317,wartime seizure power
1318,washington  davis
1319,washington  glucksberg and vacco  quill
1320,bushrod  washington
1321,george  washington
1322,watergate affair
1323,watkins  united states
1324,james moore  wayne
1325,web and computer access
1326,webster  reproductive health services
1327,daniel  webster
1328,weeks  united states
1329,weems  united states
1330,weinberger  wiesenfeld
1331,wesberry  sanders
1332,west coast hotel co.  parrish
1333,west river bridge co.  dix
1334,west virginia state board of education  barnette
1335,westlaw
1336,weston  charleston
1337,henry  wheaton
1338,white primary
1339,byron raymond  white
1340,edward douglass  white
1341,whitney  california
1342,charles evans  whittaker
1343,wickard  filburn
1344,wiener  united states
1345,williams  florida
1346,williams  mississippi
1347,george henry  williams
1348,willson  blackbird creek marsh co.
1349,james  wilson
1350,in re winship
1351,united states  winstar corporation
1352,wiretapping
1353,william  wirt
1354,wisconsin  yoder
1355,confrontation of witnesses
1356,alexander  wolcott
1357,wolf  colorado
1358,wolff packing co.  court of industrial relations
1359,women
1360,united states   kim ark wong
1361,levi  woodbury
1362,woodruff  parham
1363,william burnham  woods
1364,woodson  north carolina
1365,george w.  woodward
1366,worcester  georgia
1367,workload
1368,world war i
1369,world war ii
1370,writ
1371,walter  wyatt
1372,yakus  united states
1373,ex parte yarbrough
1374,yates  united states
1375,yellow dog contracts
1376,yick wo  hopkins
1377,inc. young  american mini theatres
1378,ex parte young
1379,younger  harris
1380,youngstown sheet & tube co.  sawyer
1381,zelman  simmons‐harris
1382,zoning
1383,zorach  clauson
1384,zurcher  stanford daily
